PRAGMA foreign_keys=OFF;
BEGIN TRANSACTION;
CREATE TABLE IF NOT EXISTS "migrations" ("id" integer primary key autoincrement not null, "migration" varchar not null, "batch" integer not null);
INSERT INTO migrations VALUES(1,'0001_01_01_000000_create_users_table',1);
INSERT INTO migrations VALUES(2,'0001_01_01_000001_create_cache_table',1);
INSERT INTO migrations VALUES(3,'0001_01_01_000002_create_jobs_table',1);
INSERT INTO migrations VALUES(4,'2015_04_12_000000_create_orchid_users_table',1);
INSERT INTO migrations VALUES(5,'2015_10_19_214424_create_orchid_roles_table',1);
INSERT INTO migrations VALUES(6,'2015_10_19_214425_create_orchid_role_users_table',1);
INSERT INTO migrations VALUES(7,'2016_08_07_125128_create_orchid_attachmentstable_table',1);
INSERT INTO migrations VALUES(8,'2017_09_17_125801_create_notifications_table',1);
INSERT INTO migrations VALUES(9,'2024_09_26_183722_create_personal_access_tokens_table',1);
INSERT INTO migrations VALUES(10,'2024_09_29_000000_create_verification_table',1);
INSERT INTO migrations VALUES(11,'2024_10_02_000000_add_status_to_users',1);
INSERT INTO migrations VALUES(12,'2024_10_03_000000_create_subscription_table',1);
INSERT INTO migrations VALUES(13,'2024_10_03_000000_create_user_notifications_table',1);
INSERT INTO migrations VALUES(14,'2024_10_05_000000_add_avatar_to_users',1);
INSERT INTO migrations VALUES(15,'2024_12_07_000000_add_month_to_subscription',1);
INSERT INTO migrations VALUES(16,'2024_12_07_000000_add_status_to_subscription',1);
INSERT INTO migrations VALUES(17,'2024_12_07_000000_create_promocode_table',1);
INSERT INTO migrations VALUES(18,'2024_12_07_000001_add_user_discount_to_promo_code',1);
INSERT INTO migrations VALUES(19,'2024_12_07_000001_create_transaction_table',1);
INSERT INTO migrations VALUES(20,'2024_12_09_181202_create_customer_columns',1);
INSERT INTO migrations VALUES(21,'2024_12_10_000000_create_user_settings_table',1);
INSERT INTO migrations VALUES(22,'2024_12_11_000000_add_payment_id_transaction',1);
INSERT INTO migrations VALUES(23,'2025_02_11_000000_add_column_users',1);
INSERT INTO migrations VALUES(24,'2025_02_12_000000_add_column_users',1);
INSERT INTO migrations VALUES(25,'2025_02_20_000000_create_banners_table',1);
INSERT INTO migrations VALUES(26,'2025_03_01_000000_add_column_users',1);
INSERT INTO migrations VALUES(27,'2025_03_02_000000_create_files_table',1);
INSERT INTO migrations VALUES(28,'2025_03_02_160825_create_orders_table',1);
INSERT INTO migrations VALUES(29,'2025_03_02_160902_create_order_attachments_table',1);
INSERT INTO migrations VALUES(30,'2025_03_30_101938_add_column_to_users',1);
INSERT INTO migrations VALUES(31,'2025_03_30_102445_create_executor_portfolios_table',1);
INSERT INTO migrations VALUES(32,'2025_03_30_114152_create_order_responses_table',1);
INSERT INTO migrations VALUES(33,'2025_03_30_114357_add_executor_id_to_orders',1);
INSERT INTO migrations VALUES(34,'2025_04_01_185850_create_user_works_table',1);
INSERT INTO migrations VALUES(35,'2025_04_29_144502_change_password_at_users',1);
INSERT INTO migrations VALUES(36,'2025_05_07_213551_change_columns_at_banners',1);
INSERT INTO migrations VALUES(37,'2025_06_01_201639_create_subscriptions_table',1);
INSERT INTO migrations VALUES(38,'2025_06_01_201640_create_subscription_items_table',1);
INSERT INTO migrations VALUES(39,'2025_06_01_213551_create_tariffs',1);
INSERT INTO migrations VALUES(40,'2025_07_27_172611_add_birth_date_and_work_experience_to_users_table',1);
INSERT INTO migrations VALUES(41,'2025_08_04_171412_add_additional_fields_to_orders_table',1);
INSERT INTO migrations VALUES(42,'2025_08_06_023016_add_executor_verification_system',1);
INSERT INTO migrations VALUES(43,'2025_08_06_025401_remove_license_column_from_users_table',1);
INSERT INTO migrations VALUES(44,'2025_08_06_042159_add_rating_fields_to_users_table',1);
INSERT INTO migrations VALUES(45,'2025_08_06_044838_enhance_executor_portfolios_with_media_and_links',1);
INSERT INTO migrations VALUES(46,'2025_08_06_052125_add_name_and_size_to_files_table',1);
INSERT INTO migrations VALUES(47,'2025_08_06_080613_add_instagram_url_to_users_table',1);
INSERT INTO migrations VALUES(48,'2025_08_07_000001_add_wallet_balance_to_users',1);
INSERT INTO migrations VALUES(49,'2025_08_07_000002_create_wallet_transactions_table',1);
INSERT INTO migrations VALUES(50,'2025_08_09_223031_create_complaints_table',1);
INSERT INTO migrations VALUES(51,'2025_08_10_073830_add_files_support_to_orders_api',1);
INSERT INTO migrations VALUES(52,'2025_08_10_092606_create_customer_reviews_table',1);
INSERT INTO migrations VALUES(53,'2025_08_10_092631_add_customer_stats_to_users_table',1);
INSERT INTO migrations VALUES(54,'2025_08_10_103115_create_executor_reviews_table',1);
INSERT INTO migrations VALUES(55,'2025_08_10_103129_add_executor_stats_to_users_table',1);
INSERT INTO migrations VALUES(56,'2025_08_11_052522_create_admin_notifications_table',1);
INSERT INTO migrations VALUES(57,'2025_08_13_190320_add_mediator_margin_fields_to_users_table',1);
INSERT INTO migrations VALUES(58,'2025_08_15_122000_add_current_tariff_id_to_users_table',1);
INSERT INTO migrations VALUES(59,'2025_08_15_133229_add_subscription_dates_to_users_table',1);
INSERT INTO migrations VALUES(60,'2025_08_15_200757_remove_max_responses_from_tariffs_table',1);
INSERT INTO migrations VALUES(61,'2025_08_16_041805_add_rating_and_text_to_executor_reviews_table',1);
INSERT INTO migrations VALUES(62,'2025_08_16_061155_change_status_column_to_integer_in_users_table',1);
INSERT INTO migrations VALUES(63,'2025_08_16_074126_add_mediator_fields_to_orders_table',1);
INSERT INTO migrations VALUES(64,'2025_08_16_074131_create_mediator_transactions_table',1);
INSERT INTO migrations VALUES(65,'2025_08_16_090826_create_work_directions_table',1);
INSERT INTO migrations VALUES(66,'2025_08_16_090831_create_work_types_table',1);
INSERT INTO migrations VALUES(67,'2025_08_16_205431_add_is_test_to_tariffs_table',1);
INSERT INTO migrations VALUES(68,'2025_08_17_091528_add_author_id_to_executor_reviews_table',1);
INSERT INTO migrations VALUES(69,'2025_08_17_091557_update_unique_constraint_executor_reviews_table',1);
INSERT INTO migrations VALUES(70,'2025_08_17_101742_create_mediator_order_steps_table',1);
INSERT INTO migrations VALUES(71,'2025_08_17_101802_add_mediator_fields_to_orders_table',1);
INSERT INTO migrations VALUES(72,'2025_08_19_084126_create_design_image_generations_table',1);
INSERT INTO migrations VALUES(73,'2025_08_20_152105_create_review_replies_table',2);
INSERT INTO migrations VALUES(74,'2025_08_20_165858_update_time_fields_to_string_in_orders_table',3);
INSERT INTO migrations VALUES(75,'2025_08_20_174921_add_next_subscription_fields_to_users_table',4);
INSERT INTO migrations VALUES(76,'2025_08_20_182058_add_subscription_usage_fields_to_users_table',5);
INSERT INTO migrations VALUES(77,'2025_08_20_214847_create_housing_options_table',6);
INSERT INTO migrations VALUES(79,'2025_08_20_223230_add_email_status_index_to_users_table',7);
CREATE TABLE IF NOT EXISTS "password_reset_tokens" ("email" varchar not null, "token" varchar not null, "created_at" datetime, primary key ("email"));
CREATE TABLE IF NOT EXISTS "sessions" ("id" varchar not null, "user_id" integer, "ip_address" varchar, "user_agent" text, "payload" text not null, "last_activity" integer not null, primary key ("id"));
INSERT INTO sessions VALUES('oTOFnFkNcH7nDcMQWjDTQBQgbEt6TIGBJ1X2PH2Z',1,'185.239.142.137','Mozilla/5.0 (Macintosh; Intel Mac OS X 10_15_7) AppleWebKit/537.36 (KHTML, like Gecko) Chrome/136.0.0.0 YaBrowser/25.6.0.0 Safari/537.36','YTo2OntzOjY6Il90b2tlbiI7czo0MDoiNkZDck1MNUdBc2pKTnlHN3ZsazlUMG4wY29Xa3BHMHNjRU5OZWp3TiI7czo2OiJfZmxhc2giO2E6Mjp7czozOiJvbGQiO2E6MDp7fXM6MzoibmV3IjthOjA6e319czo5OiJfcHJldmlvdXMiO2E6MTp7czozOiJ1cmwiO3M6NDI6Imh0dHBzOi8vYnVpbGRpZnkubmdyb2suYXBwL2FkbWluL21lZGlhdG9ycyI7fXM6NTA6ImxvZ2luX3dlYl81OWJhMzZhZGRjMmIyZjk0MDE1ODBmMDE0YzdmNThlYTRlMzA5ODlkIjtpOjE7czoxODoidG9hc3Rfbm90aWZpY2F0aW9uIjthOjA6e31zOjE4OiJmbGFzaF9ub3RpZmljYXRpb24iO2E6MDp7fX0=',1755729734);
CREATE TABLE IF NOT EXISTS "cache" ("key" varchar not null, "value" text not null, "expiration" integer not null, primary key ("key"));
CREATE TABLE IF NOT EXISTS "cache_locks" ("key" varchar not null, "owner" varchar not null, "expiration" integer not null, primary key ("key"));
CREATE TABLE IF NOT EXISTS "jobs" ("id" integer primary key autoincrement not null, "queue" varchar not null, "payload" text not null, "attempts" integer not null, "reserved_at" integer, "available_at" integer not null, "created_at" integer not null);
INSERT INTO jobs VALUES(28,'default','{"uuid":"fdf2aebb-be4e-49a6-a16b-b3f173de5824","displayName":"App\\Jobs\\GenerateDesignImagesJob","job":"Illuminate\\Queue\\CallQueuedHandler@call","maxTries":2,"maxExceptions":null,"failOnTimeout":false,"backoff":null,"timeout":300,"retryUntil":null,"data":{"commandName":"App\\Jobs\\GenerateDesignImagesJob","command":"O:32:\"App\\Jobs\\GenerateDesignImagesJob\":7:{s:16:\"\u0000*\u0000designContent\";s:2404:\"**1. Color Scheme:**\nThe color palette for this project will be a blend of industrial grays and classic whites and beiges. \n\n- Base color: Sherwin Williams Pure White SW 7005\n- Accent color 1: Sherwin Williams Cityscape SW 7067 (Industrial Gray)\n- Accent color 2: Sherwin Williams Agreeable Gray SW 7029 (Classic Beige)\n\n**2. Layout Suggestions:**\nThe bedroom should ideally be spacious, with the bed positioned centrally and a seating area by the window. The dining room should have a large dining table in the center, with a sideboard against the wall for storage and display.\n\n**3. Material Recommendations:**\n- Flooring: Polished concrete for the industrial vibe, available from Arteco in Dubai.\n- Wall finishes: Exposed brick wall in the dining room and plastered white walls in the bedroom, both available from Baniyas Building Materials Company LLC.\n- Window coverings: White or beige linen curtains, available from Homes R Us.\n\n**4. Furniture List:**\n- Bedroom: \n  - Industrial style bed: 2,000 AED\n  - Two bedside tables: 500 AED each\n  - Seating area: 1,500 AED\n- Dining Room:\n  - Large wooden dining table: 3,000 AED\n  - Six dining chairs: 500 AED each\n  - Sideboard: 1,500 AED\n\n**5. Lighting Plan:**\n- Bedroom: Recessed ceiling lights and a couple of industrial-style bedside lamps.\n- Dining Room: A classic chandelier over the dining table and wall-mounted lights for the sideboard.\n\n**6. Decor Elements:**\n- Bedroom: Large mirror, a few framed black and white photographs, a classic Persian rug.\n- Dining Room: A centerpiece for the dining table, a large mirror over the sideboard, and some classic artworks on the walls.\n\n**7. Shopping List:**\nMost of the items can be purchased from local suppliers such as Homes R Us, Pan Emirates, and IKEA. For unique industrial and classic pieces, you can visit the Al Quoz industrial area.\n\n**8. Timeline:**\nThe project can be completed in 2-3 months, depending on the availability of the items. It''s recommended to start with the structural work (flooring, wall finishes), then move on to the furniture, lighting, and finally the decor elements.\n\nThis plan combines industrial and classic elements, while considering Dubai''s climate (using durable materials that can withstand high temperatures) and cultural preferences (classic artworks, Persian rug). It also provides a practical and achievable budget range, utilizing local suppliers in the UAE.\";s:14:\"\u0000*\u0000description\";s:17:\"Adijofoiajsfijfij\";s:11:\"\u0000*\u0000roomType\";a:2:{i:0;s:7:\"bedroom\";i:1;s:11:\"dining_room\";}s:8:\"\u0000*\u0000style\";a:2:{i:0;s:10:\"industrial\";i:1;s:7:\"classic\";}s:13:\"\u0000*\u0000imageCount\";i:3;s:15:\"\u0000*\u0000generationId\";s:36:\"74598a60-3019-4db0-918d-a445aff6abce\";s:9:\"\u0000*\u0000userId\";i:2;}"}}',1,1755708673,1755708671,1755708671);
INSERT INTO jobs VALUES(29,'default','{"uuid":"d65fe8b4-0a3d-47f8-ae03-f770b68a5f20","displayName":"App\\Jobs\\GenerateDesignImagesJob","job":"Illuminate\\Queue\\CallQueuedHandler@call","maxTries":2,"maxExceptions":null,"failOnTimeout":false,"backoff":null,"timeout":300,"retryUntil":null,"data":{"commandName":"App\\Jobs\\GenerateDesignImagesJob","command":"O:32:\"App\\Jobs\\GenerateDesignImagesJob\":7:{s:16:\"\u0000*\u0000designContent\";s:2432:\"**1. Color Scheme:**\n- Primary: Charcoal Grey (#36454F)\n- Secondary: Warm Cream (#F5F5DC)\n- Accent: Burnt Sienna (#E97451), Brushed Gold (#DAA520)\n\n**2. Layout Suggestions:**\n- Bedroom: Create a focal point with a large bed against the main wall. Add side tables on both sides. Space permitting, include a seating area with a chair and a small table.\n- Dining Room: Center the dining table in the room. If space allows, create a buffet area with a side table and overhead shelving.\n\n**3. Material Recommendations:**\n- Flooring: Consider polished concrete flooring for an industrial feel. This can be sourced from local suppliers like \"Super Cement Manufacturing Co. LLC\".\n- Walls: Exposed brick walls can add to the industrial look. For a less dramatic approach, the walls can be painted in the primary color. \n\n**4. Furniture List:**\n- Bedroom: \n  - Industrial-style iron bed (approx 2500 AED)\n  - Matching side tables (approx 500 AED each)\n  - Classic-style chair (approx 1000 AED)\n- Dining Room:\n  - Solid wood dining table (approx 3000 AED)\n  - 6 Leather upholstered chairs (approx 3000 AED for set)\n  - Classic side table (approx 1500 AED)\n\n**5. Lighting Plan:**\n- Bedroom: Industrial-style pendant lights for bedside lamps. Add a classic chandelier for ambient lighting.\n- Dining Room: Industrial-style pendant lights over the dining table and buffet area.\n\n**6. Decor Elements:**\n- Bedroom: Oversized classic-style mirror, cream curtains, artwork with warm tones, large indoor plant like a Fiddle Leaf Fig.\n- Dining Room: Oversized classic-style mirror, cream curtains, artwork with warm tones, large indoor plant like a Monstera.\n\n**7. Shopping List:**\n- \"Dragon Mart\" for lighting fixtures, curtains, and decor elements.\n- \"IKEA\" for bed, side tables, and chairs.\n- \"Home Centre\" for dining table, side table, and artwork.\n- \"Dubai Garden Centre\" for indoor plants.\n\n**8. Timeline:**\n- Weeks 1-2: Procurement of materials and furniture\n- Week 3: Flooring and wall finish installation\n- Week 4: Furniture arrangement and lighting installation\n- Week 5: Decor elements placement and final touches\n\nThis design plan combines industrial and classic styles while respecting the local climate and culture. The natural materials and color scheme provide a warm and inviting feel. The cream and gold accents help to soften the industrial elements and tie the look together. It offers practicality and style within the given budget.\";s:14:\"\u0000*\u0000description\";s:17:\"Adijofoiajsfijfij\";s:11:\"\u0000*\u0000roomType\";a:2:{i:0;s:7:\"bedroom\";i:1;s:11:\"dining_room\";}s:8:\"\u0000*\u0000style\";a:2:{i:0;s:10:\"industrial\";i:1;s:7:\"classic\";}s:13:\"\u0000*\u0000imageCount\";i:3;s:15:\"\u0000*\u0000generationId\";s:36:\"83ed4961-5b0d-49ae-940d-bf9ed43730c8\";s:9:\"\u0000*\u0000userId\";i:2;}"}}',0,NULL,1755708766,1755708766);
INSERT INTO jobs VALUES(30,'default','{"uuid":"2ebcf1d3-5451-43be-81d0-fc2e24fe8023","displayName":"App\\Events\\AdminNotificationEvent","job":"Illuminate\\Queue\\CallQueuedHandler@call","maxTries":null,"maxExceptions":null,"failOnTimeout":false,"backoff":null,"timeout":null,"retryUntil":null,"data":{"commandName":"Illuminate\\Broadcasting\\BroadcastEvent","command":"O:38:\"Illuminate\\Broadcasting\\BroadcastEvent\":14:{s:5:\"event\";O:33:\"App\\Events\\AdminNotificationEvent\":5:{s:4:\"data\";a:5:{s:8:\"order_id\";i:1;s:11:\"order_title\";s:4:\"Test\";s:11:\"author_name\";s:33:\"Тестовый Заказчик\";s:9:\"author_id\";i:2;s:10:\"max_amount\";i:55555;}s:4:\"type\";s:9:\"new_order\";s:5:\"title\";s:34:\"Новый заказ создан\";s:7:\"message\";s:105:\"Создан новый заказ \"Test\" от пользователя Тестовый Заказчик\";s:6:\"userId\";N;}s:5:\"tries\";N;s:7:\"timeout\";N;s:7:\"backoff\";N;s:13:\"maxExceptions\";N;s:10:\"connection\";N;s:5:\"queue\";N;s:5:\"delay\";N;s:11:\"afterCommit\";N;s:10:\"middleware\";a:0:{}s:7:\"chained\";a:0:{}s:15:\"chainConnection\";N;s:10:\"chainQueue\";N;s:19:\"chainCatchCallbacks\";N;}"}}',0,NULL,1755709308,1755709308);
INSERT INTO jobs VALUES(31,'default','{"uuid":"037bcb05-3808-45d4-b620-5bbca95e3640","displayName":"App\\Events\\OrderUpdateEvent","job":"Illuminate\\Queue\\CallQueuedHandler@call","maxTries":null,"maxExceptions":null,"failOnTimeout":false,"backoff":null,"timeout":null,"retryUntil":null,"data":{"commandName":"Illuminate\\Broadcasting\\BroadcastEvent","command":"O:38:\"Illuminate\\Broadcasting\\BroadcastEvent\":14:{s:5:\"event\";O:27:\"App\\Events\\OrderUpdateEvent\":6:{s:5:\"order\";O:45:\"Illuminate\\Contracts\\Database\\ModelIdentifier\":5:{s:5:\"class\";s:16:\"App\\Models\\Order\";s:2:\"id\";i:1;s:9:\"relations\";a:0:{}s:10:\"connection\";s:6:\"sqlite\";s:15:\"collectionClass\";N;}s:4:\"data\";a:2:{s:10:\"old_status\";i:0;s:10:\"new_status\";i:3;}s:4:\"type\";s:14:\"status_changed\";s:5:\"title\";s:40:\"Статус заказа изменен\";s:7:\"message\";s:40:\"Статус заказа изменен\";s:6:\"userId\";N;}s:5:\"tries\";N;s:7:\"timeout\";N;s:7:\"backoff\";N;s:13:\"maxExceptions\";N;s:10:\"connection\";N;s:5:\"queue\";N;s:5:\"delay\";N;s:11:\"afterCommit\";N;s:10:\"middleware\";a:0:{}s:7:\"chained\";a:0:{}s:15:\"chainConnection\";N;s:10:\"chainQueue\";N;s:19:\"chainCatchCallbacks\";N;}"}}',0,NULL,1755714622,1755714622);
INSERT INTO jobs VALUES(32,'default','{"uuid":"c4d53455-dcdb-4cd2-8c7c-abbe17d37cce","displayName":"App\\Events\\UserNotificationEvent","job":"Illuminate\\Queue\\CallQueuedHandler@call","maxTries":null,"maxExceptions":null,"failOnTimeout":false,"backoff":null,"timeout":null,"retryUntil":null,"data":{"commandName":"Illuminate\\Broadcasting\\BroadcastEvent","command":"O:38:\"Illuminate\\Broadcasting\\BroadcastEvent\":14:{s:5:\"event\";O:32:\"App\\Events\\UserNotificationEvent\":5:{s:4:\"data\";a:4:{s:8:\"order_id\";i:1;s:11:\"order_title\";s:4:\"Test\";s:10:\"old_status\";i:0;s:10:\"new_status\";i:3;}s:4:\"type\";s:20:\"order_status_changed\";s:5:\"title\";s:40:\"Статус заказа изменен\";s:7:\"message\";s:102:\"Статус вашего заказа \"Test\" изменен: Статус заказа изменен\";s:6:\"userId\";i:2;}s:5:\"tries\";N;s:7:\"timeout\";N;s:7:\"backoff\";N;s:13:\"maxExceptions\";N;s:10:\"connection\";N;s:5:\"queue\";N;s:5:\"delay\";N;s:11:\"afterCommit\";N;s:10:\"middleware\";a:0:{}s:7:\"chained\";a:0:{}s:15:\"chainConnection\";N;s:10:\"chainQueue\";N;s:19:\"chainCatchCallbacks\";N;}"}}',0,NULL,1755714622,1755714622);
INSERT INTO jobs VALUES(33,'default','{"uuid":"e3bb00a7-5853-409f-9743-130cc1d3340e","displayName":"App\\Events\\UserNotificationEvent","job":"Illuminate\\Queue\\CallQueuedHandler@call","maxTries":null,"maxExceptions":null,"failOnTimeout":false,"backoff":null,"timeout":null,"retryUntil":null,"data":{"commandName":"Illuminate\\Broadcasting\\BroadcastEvent","command":"O:38:\"Illuminate\\Broadcasting\\BroadcastEvent\":14:{s:5:\"event\";O:32:\"App\\Events\\UserNotificationEvent\":5:{s:4:\"data\";a:4:{s:8:\"order_id\";i:1;s:11:\"order_title\";s:4:\"Test\";s:10:\"old_status\";i:0;s:10:\"new_status\";i:3;}s:4:\"type\";s:20:\"order_status_changed\";s:5:\"title\";s:40:\"Статус заказа изменен\";s:7:\"message\";s:89:\"Статус заказа \"Test\" изменен: Статус заказа изменен\";s:6:\"userId\";i:4;}s:5:\"tries\";N;s:7:\"timeout\";N;s:7:\"backoff\";N;s:13:\"maxExceptions\";N;s:10:\"connection\";N;s:5:\"queue\";N;s:5:\"delay\";N;s:11:\"afterCommit\";N;s:10:\"middleware\";a:0:{}s:7:\"chained\";a:0:{}s:15:\"chainConnection\";N;s:10:\"chainQueue\";N;s:19:\"chainCatchCallbacks\";N;}"}}',0,NULL,1755714622,1755714622);
INSERT INTO jobs VALUES(34,'default','{"uuid":"8f222276-c1a2-4fd1-8ef2-bc26587eb9a1","displayName":"App\\Events\\UserNotificationEvent","job":"Illuminate\\Queue\\CallQueuedHandler@call","maxTries":null,"maxExceptions":null,"failOnTimeout":false,"backoff":null,"timeout":null,"retryUntil":null,"data":{"commandName":"Illuminate\\Broadcasting\\BroadcastEvent","command":"O:38:\"Illuminate\\Broadcasting\\BroadcastEvent\":14:{s:5:\"event\";O:32:\"App\\Events\\UserNotificationEvent\":5:{s:4:\"data\";a:2:{s:8:\"order_id\";i:1;s:11:\"order_title\";s:4:\"Test\";}s:4:\"type\";s:17:\"executor_assigned\";s:5:\"title\";s:48:\"Вы назначены исполнителем\";s:7:\"message\";s:68:\"Вы назначены исполнителем заказа \"Test\"\";s:6:\"userId\";i:4;}s:5:\"tries\";N;s:7:\"timeout\";N;s:7:\"backoff\";N;s:13:\"maxExceptions\";N;s:10:\"connection\";N;s:5:\"queue\";N;s:5:\"delay\";N;s:11:\"afterCommit\";N;s:10:\"middleware\";a:0:{}s:7:\"chained\";a:0:{}s:15:\"chainConnection\";N;s:10:\"chainQueue\";N;s:19:\"chainCatchCallbacks\";N;}"}}',0,NULL,1755714622,1755714622);
INSERT INTO jobs VALUES(35,'default','{"uuid":"d0a828ca-4d61-43df-b093-cfeac6469161","displayName":"App\\Events\\UserNotificationEvent","job":"Illuminate\\Queue\\CallQueuedHandler@call","maxTries":null,"maxExceptions":null,"failOnTimeout":false,"backoff":null,"timeout":null,"retryUntil":null,"data":{"commandName":"Illuminate\\Broadcasting\\BroadcastEvent","command":"O:38:\"Illuminate\\Broadcasting\\BroadcastEvent\":14:{s:5:\"event\";O:32:\"App\\Events\\UserNotificationEvent\":5:{s:4:\"data\";a:4:{s:8:\"order_id\";i:1;s:11:\"order_title\";s:4:\"Test\";s:13:\"executor_name\";s:5:\"Anton\";s:11:\"executor_id\";i:4;}s:4:\"type\";s:17:\"executor_assigned\";s:5:\"title\";s:39:\"Исполнитель назначен\";s:7:\"message\";s:86:\"Для вашего заказа \"Test\" назначен исполнитель: Anton\";s:6:\"userId\";i:2;}s:5:\"tries\";N;s:7:\"timeout\";N;s:7:\"backoff\";N;s:13:\"maxExceptions\";N;s:10:\"connection\";N;s:5:\"queue\";N;s:5:\"delay\";N;s:11:\"afterCommit\";N;s:10:\"middleware\";a:0:{}s:7:\"chained\";a:0:{}s:15:\"chainConnection\";N;s:10:\"chainQueue\";N;s:19:\"chainCatchCallbacks\";N;}"}}',0,NULL,1755714622,1755714622);
INSERT INTO jobs VALUES(36,'default','{"uuid":"fd9f6780-06c2-45cc-b2ab-a52dacfb9951","displayName":"App\\Events\\OrderUpdateEvent","job":"Illuminate\\Queue\\CallQueuedHandler@call","maxTries":null,"maxExceptions":null,"failOnTimeout":false,"backoff":null,"timeout":null,"retryUntil":null,"data":{"commandName":"Illuminate\\Broadcasting\\BroadcastEvent","command":"O:38:\"Illuminate\\Broadcasting\\BroadcastEvent\":14:{s:5:\"event\";O:27:\"App\\Events\\OrderUpdateEvent\":6:{s:5:\"order\";O:45:\"Illuminate\\Contracts\\Database\\ModelIdentifier\":5:{s:5:\"class\";s:16:\"App\\Models\\Order\";s:2:\"id\";i:1;s:9:\"relations\";a:0:{}s:10:\"connection\";s:6:\"sqlite\";s:15:\"collectionClass\";N;}s:4:\"data\";a:2:{s:10:\"old_status\";i:3;s:10:\"new_status\";i:4;}s:4:\"type\";s:14:\"status_changed\";s:5:\"title\";s:40:\"Статус заказа изменен\";s:7:\"message\";s:40:\"Статус заказа изменен\";s:6:\"userId\";N;}s:5:\"tries\";N;s:7:\"timeout\";N;s:7:\"backoff\";N;s:13:\"maxExceptions\";N;s:10:\"connection\";N;s:5:\"queue\";N;s:5:\"delay\";N;s:11:\"afterCommit\";N;s:10:\"middleware\";a:0:{}s:7:\"chained\";a:0:{}s:15:\"chainConnection\";N;s:10:\"chainQueue\";N;s:19:\"chainCatchCallbacks\";N;}"}}',0,NULL,1755714749,1755714749);
INSERT INTO jobs VALUES(37,'default','{"uuid":"ae8201ef-c22d-4bd8-b302-26d334ae23db","displayName":"App\\Events\\UserNotificationEvent","job":"Illuminate\\Queue\\CallQueuedHandler@call","maxTries":null,"maxExceptions":null,"failOnTimeout":false,"backoff":null,"timeout":null,"retryUntil":null,"data":{"commandName":"Illuminate\\Broadcasting\\BroadcastEvent","command":"O:38:\"Illuminate\\Broadcasting\\BroadcastEvent\":14:{s:5:\"event\";O:32:\"App\\Events\\UserNotificationEvent\":5:{s:4:\"data\";a:4:{s:8:\"order_id\";i:1;s:11:\"order_title\";s:4:\"Test\";s:10:\"old_status\";i:3;s:10:\"new_status\";i:4;}s:4:\"type\";s:20:\"order_status_changed\";s:5:\"title\";s:40:\"Статус заказа изменен\";s:7:\"message\";s:102:\"Статус вашего заказа \"Test\" изменен: Статус заказа изменен\";s:6:\"userId\";i:2;}s:5:\"tries\";N;s:7:\"timeout\";N;s:7:\"backoff\";N;s:13:\"maxExceptions\";N;s:10:\"connection\";N;s:5:\"queue\";N;s:5:\"delay\";N;s:11:\"afterCommit\";N;s:10:\"middleware\";a:0:{}s:7:\"chained\";a:0:{}s:15:\"chainConnection\";N;s:10:\"chainQueue\";N;s:19:\"chainCatchCallbacks\";N;}"}}',0,NULL,1755714749,1755714749);
INSERT INTO jobs VALUES(38,'default','{"uuid":"a7dcfa96-244f-451c-b65e-695003b568a1","displayName":"App\\Events\\UserNotificationEvent","job":"Illuminate\\Queue\\CallQueuedHandler@call","maxTries":null,"maxExceptions":null,"failOnTimeout":false,"backoff":null,"timeout":null,"retryUntil":null,"data":{"commandName":"Illuminate\\Broadcasting\\BroadcastEvent","command":"O:38:\"Illuminate\\Broadcasting\\BroadcastEvent\":14:{s:5:\"event\";O:32:\"App\\Events\\UserNotificationEvent\":5:{s:4:\"data\";a:4:{s:8:\"order_id\";i:1;s:11:\"order_title\";s:4:\"Test\";s:10:\"old_status\";i:3;s:10:\"new_status\";i:4;}s:4:\"type\";s:20:\"order_status_changed\";s:5:\"title\";s:40:\"Статус заказа изменен\";s:7:\"message\";s:89:\"Статус заказа \"Test\" изменен: Статус заказа изменен\";s:6:\"userId\";i:4;}s:5:\"tries\";N;s:7:\"timeout\";N;s:7:\"backoff\";N;s:13:\"maxExceptions\";N;s:10:\"connection\";N;s:5:\"queue\";N;s:5:\"delay\";N;s:11:\"afterCommit\";N;s:10:\"middleware\";a:0:{}s:7:\"chained\";a:0:{}s:15:\"chainConnection\";N;s:10:\"chainQueue\";N;s:19:\"chainCatchCallbacks\";N;}"}}',0,NULL,1755714749,1755714749);
INSERT INTO jobs VALUES(39,'default','{"uuid":"c6923cf0-8983-4a7f-804a-5024c272a2c7","displayName":"App\\Events\\OrderUpdateEvent","job":"Illuminate\\Queue\\CallQueuedHandler@call","maxTries":null,"maxExceptions":null,"failOnTimeout":false,"backoff":null,"timeout":null,"retryUntil":null,"data":{"commandName":"Illuminate\\Broadcasting\\BroadcastEvent","command":"O:38:\"Illuminate\\Broadcasting\\BroadcastEvent\":14:{s:5:\"event\";O:27:\"App\\Events\\OrderUpdateEvent\":6:{s:5:\"order\";O:45:\"Illuminate\\Contracts\\Database\\ModelIdentifier\":5:{s:5:\"class\";s:16:\"App\\Models\\Order\";s:2:\"id\";i:1;s:9:\"relations\";a:0:{}s:10:\"connection\";s:6:\"sqlite\";s:15:\"collectionClass\";N;}s:4:\"data\";a:2:{s:10:\"old_status\";i:4;s:10:\"new_status\";i:2;}s:4:\"type\";s:14:\"status_changed\";s:5:\"title\";s:40:\"Статус заказа изменен\";s:7:\"message\";s:40:\"Статус заказа изменен\";s:6:\"userId\";N;}s:5:\"tries\";N;s:7:\"timeout\";N;s:7:\"backoff\";N;s:13:\"maxExceptions\";N;s:10:\"connection\";N;s:5:\"queue\";N;s:5:\"delay\";N;s:11:\"afterCommit\";N;s:10:\"middleware\";a:0:{}s:7:\"chained\";a:0:{}s:15:\"chainConnection\";N;s:10:\"chainQueue\";N;s:19:\"chainCatchCallbacks\";N;}"}}',0,NULL,1755717868,1755717868);
INSERT INTO jobs VALUES(40,'default','{"uuid":"383e995c-19b1-4794-b35f-f28e32815363","displayName":"App\\Events\\UserNotificationEvent","job":"Illuminate\\Queue\\CallQueuedHandler@call","maxTries":null,"maxExceptions":null,"failOnTimeout":false,"backoff":null,"timeout":null,"retryUntil":null,"data":{"commandName":"Illuminate\\Broadcasting\\BroadcastEvent","command":"O:38:\"Illuminate\\Broadcasting\\BroadcastEvent\":14:{s:5:\"event\";O:32:\"App\\Events\\UserNotificationEvent\":5:{s:4:\"data\";a:4:{s:8:\"order_id\";i:1;s:11:\"order_title\";s:4:\"Test\";s:10:\"old_status\";i:4;s:10:\"new_status\";i:2;}s:4:\"type\";s:20:\"order_status_changed\";s:5:\"title\";s:40:\"Статус заказа изменен\";s:7:\"message\";s:102:\"Статус вашего заказа \"Test\" изменен: Статус заказа изменен\";s:6:\"userId\";i:2;}s:5:\"tries\";N;s:7:\"timeout\";N;s:7:\"backoff\";N;s:13:\"maxExceptions\";N;s:10:\"connection\";N;s:5:\"queue\";N;s:5:\"delay\";N;s:11:\"afterCommit\";N;s:10:\"middleware\";a:0:{}s:7:\"chained\";a:0:{}s:15:\"chainConnection\";N;s:10:\"chainQueue\";N;s:19:\"chainCatchCallbacks\";N;}"}}',0,NULL,1755717868,1755717868);
INSERT INTO jobs VALUES(41,'default','{"uuid":"50d7c887-12f8-4f56-9240-257d7259bd67","displayName":"App\\Events\\OrderUpdateEvent","job":"Illuminate\\Queue\\CallQueuedHandler@call","maxTries":null,"maxExceptions":null,"failOnTimeout":false,"backoff":null,"timeout":null,"retryUntil":null,"data":{"commandName":"Illuminate\\Broadcasting\\BroadcastEvent","command":"O:38:\"Illuminate\\Broadcasting\\BroadcastEvent\":14:{s:5:\"event\";O:27:\"App\\Events\\OrderUpdateEvent\":6:{s:5:\"order\";O:45:\"Illuminate\\Contracts\\Database\\ModelIdentifier\":5:{s:5:\"class\";s:16:\"App\\Models\\Order\";s:2:\"id\";i:1;s:9:\"relations\";a:0:{}s:10:\"connection\";s:6:\"sqlite\";s:15:\"collectionClass\";N;}s:4:\"data\";a:2:{s:10:\"old_status\";i:2;s:10:\"new_status\";i:1;}s:4:\"type\";s:14:\"status_changed\";s:5:\"title\";s:40:\"Статус заказа изменен\";s:7:\"message\";s:40:\"Статус заказа изменен\";s:6:\"userId\";N;}s:5:\"tries\";N;s:7:\"timeout\";N;s:7:\"backoff\";N;s:13:\"maxExceptions\";N;s:10:\"connection\";N;s:5:\"queue\";N;s:5:\"delay\";N;s:11:\"afterCommit\";N;s:10:\"middleware\";a:0:{}s:7:\"chained\";a:0:{}s:15:\"chainConnection\";N;s:10:\"chainQueue\";N;s:19:\"chainCatchCallbacks\";N;}"}}',0,NULL,1755719222,1755719222);
INSERT INTO jobs VALUES(42,'default','{"uuid":"2323cc63-0245-4973-8614-1563b2960331","displayName":"App\\Events\\UserNotificationEvent","job":"Illuminate\\Queue\\CallQueuedHandler@call","maxTries":null,"maxExceptions":null,"failOnTimeout":false,"backoff":null,"timeout":null,"retryUntil":null,"data":{"commandName":"Illuminate\\Broadcasting\\BroadcastEvent","command":"O:38:\"Illuminate\\Broadcasting\\BroadcastEvent\":14:{s:5:\"event\";O:32:\"App\\Events\\UserNotificationEvent\":5:{s:4:\"data\";a:4:{s:8:\"order_id\";i:1;s:11:\"order_title\";s:4:\"Test\";s:10:\"old_status\";i:2;s:10:\"new_status\";i:1;}s:4:\"type\";s:20:\"order_status_changed\";s:5:\"title\";s:40:\"Статус заказа изменен\";s:7:\"message\";s:102:\"Статус вашего заказа \"Test\" изменен: Статус заказа изменен\";s:6:\"userId\";i:2;}s:5:\"tries\";N;s:7:\"timeout\";N;s:7:\"backoff\";N;s:13:\"maxExceptions\";N;s:10:\"connection\";N;s:5:\"queue\";N;s:5:\"delay\";N;s:11:\"afterCommit\";N;s:10:\"middleware\";a:0:{}s:7:\"chained\";a:0:{}s:15:\"chainConnection\";N;s:10:\"chainQueue\";N;s:19:\"chainCatchCallbacks\";N;}"}}',0,NULL,1755719222,1755719222);
INSERT INTO jobs VALUES(43,'default','{"uuid":"d1a71701-8f89-4beb-b331-8883f1e072b7","displayName":"App\\Events\\AdminNotificationEvent","job":"Illuminate\\Queue\\CallQueuedHandler@call","maxTries":null,"maxExceptions":null,"failOnTimeout":false,"backoff":null,"timeout":null,"retryUntil":null,"data":{"commandName":"Illuminate\\Broadcasting\\BroadcastEvent","command":"O:38:\"Illuminate\\Broadcasting\\BroadcastEvent\":14:{s:5:\"event\";O:33:\"App\\Events\\AdminNotificationEvent\":5:{s:4:\"data\";a:5:{s:8:\"order_id\";i:2;s:11:\"order_title\";s:6:\"Test 1\";s:11:\"author_name\";s:33:\"Тестовый Заказчик\";s:9:\"author_id\";i:2;s:10:\"max_amount\";i:5555;}s:4:\"type\";s:9:\"new_order\";s:5:\"title\";s:34:\"Новый заказ создан\";s:7:\"message\";s:107:\"Создан новый заказ \"Test 1\" от пользователя Тестовый Заказчик\";s:6:\"userId\";N;}s:5:\"tries\";N;s:7:\"timeout\";N;s:7:\"backoff\";N;s:13:\"maxExceptions\";N;s:10:\"connection\";N;s:5:\"queue\";N;s:5:\"delay\";N;s:11:\"afterCommit\";N;s:10:\"middleware\";a:0:{}s:7:\"chained\";a:0:{}s:15:\"chainConnection\";N;s:10:\"chainQueue\";N;s:19:\"chainCatchCallbacks\";N;}"}}',0,NULL,1755719273,1755719273);
INSERT INTO jobs VALUES(44,'default','{"uuid":"6da78161-d58e-4ead-83e0-0549f185a757","displayName":"App\\Events\\OrderUpdateEvent","job":"Illuminate\\Queue\\CallQueuedHandler@call","maxTries":null,"maxExceptions":null,"failOnTimeout":false,"backoff":null,"timeout":null,"retryUntil":null,"data":{"commandName":"Illuminate\\Broadcasting\\BroadcastEvent","command":"O:38:\"Illuminate\\Broadcasting\\BroadcastEvent\":14:{s:5:\"event\";O:27:\"App\\Events\\OrderUpdateEvent\":6:{s:5:\"order\";O:45:\"Illuminate\\Contracts\\Database\\ModelIdentifier\":5:{s:5:\"class\";s:16:\"App\\Models\\Order\";s:2:\"id\";i:2;s:9:\"relations\";a:0:{}s:10:\"connection\";s:6:\"sqlite\";s:15:\"collectionClass\";N;}s:4:\"data\";a:2:{s:10:\"old_status\";i:0;s:10:\"new_status\";i:4;}s:4:\"type\";s:14:\"status_changed\";s:5:\"title\";s:40:\"Статус заказа изменен\";s:7:\"message\";s:40:\"Статус заказа изменен\";s:6:\"userId\";N;}s:5:\"tries\";N;s:7:\"timeout\";N;s:7:\"backoff\";N;s:13:\"maxExceptions\";N;s:10:\"connection\";N;s:5:\"queue\";N;s:5:\"delay\";N;s:11:\"afterCommit\";N;s:10:\"middleware\";a:0:{}s:7:\"chained\";a:0:{}s:15:\"chainConnection\";N;s:10:\"chainQueue\";N;s:19:\"chainCatchCallbacks\";N;}"}}',0,NULL,1755719423,1755719423);
INSERT INTO jobs VALUES(45,'default','{"uuid":"f9a5bcac-f7e0-43b1-8167-d34dc3ef39b9","displayName":"App\\Events\\UserNotificationEvent","job":"Illuminate\\Queue\\CallQueuedHandler@call","maxTries":null,"maxExceptions":null,"failOnTimeout":false,"backoff":null,"timeout":null,"retryUntil":null,"data":{"commandName":"Illuminate\\Broadcasting\\BroadcastEvent","command":"O:38:\"Illuminate\\Broadcasting\\BroadcastEvent\":14:{s:5:\"event\";O:32:\"App\\Events\\UserNotificationEvent\":5:{s:4:\"data\";a:4:{s:8:\"order_id\";i:2;s:11:\"order_title\";s:6:\"Test 1\";s:10:\"old_status\";i:0;s:10:\"new_status\";i:4;}s:4:\"type\";s:20:\"order_status_changed\";s:5:\"title\";s:40:\"Статус заказа изменен\";s:7:\"message\";s:104:\"Статус вашего заказа \"Test 1\" изменен: Статус заказа изменен\";s:6:\"userId\";i:2;}s:5:\"tries\";N;s:7:\"timeout\";N;s:7:\"backoff\";N;s:13:\"maxExceptions\";N;s:10:\"connection\";N;s:5:\"queue\";N;s:5:\"delay\";N;s:11:\"afterCommit\";N;s:10:\"middleware\";a:0:{}s:7:\"chained\";a:0:{}s:15:\"chainConnection\";N;s:10:\"chainQueue\";N;s:19:\"chainCatchCallbacks\";N;}"}}',0,NULL,1755719423,1755719423);
INSERT INTO jobs VALUES(46,'default','{"uuid":"229dd7a9-979e-43a4-bbf4-7aaf82659f59","displayName":"App\\Events\\UserNotificationEvent","job":"Illuminate\\Queue\\CallQueuedHandler@call","maxTries":null,"maxExceptions":null,"failOnTimeout":false,"backoff":null,"timeout":null,"retryUntil":null,"data":{"commandName":"Illuminate\\Broadcasting\\BroadcastEvent","command":"O:38:\"Illuminate\\Broadcasting\\BroadcastEvent\":14:{s:5:\"event\";O:32:\"App\\Events\\UserNotificationEvent\":5:{s:4:\"data\";a:4:{s:8:\"order_id\";i:2;s:11:\"order_title\";s:6:\"Test 1\";s:10:\"old_status\";i:0;s:10:\"new_status\";i:4;}s:4:\"type\";s:20:\"order_status_changed\";s:5:\"title\";s:40:\"Статус заказа изменен\";s:7:\"message\";s:91:\"Статус заказа \"Test 1\" изменен: Статус заказа изменен\";s:6:\"userId\";i:4;}s:5:\"tries\";N;s:7:\"timeout\";N;s:7:\"backoff\";N;s:13:\"maxExceptions\";N;s:10:\"connection\";N;s:5:\"queue\";N;s:5:\"delay\";N;s:11:\"afterCommit\";N;s:10:\"middleware\";a:0:{}s:7:\"chained\";a:0:{}s:15:\"chainConnection\";N;s:10:\"chainQueue\";N;s:19:\"chainCatchCallbacks\";N;}"}}',0,NULL,1755719423,1755719423);
INSERT INTO jobs VALUES(47,'default','{"uuid":"3ac65e6d-aa09-46c5-8b6a-dacc23234f2b","displayName":"App\\Events\\UserNotificationEvent","job":"Illuminate\\Queue\\CallQueuedHandler@call","maxTries":null,"maxExceptions":null,"failOnTimeout":false,"backoff":null,"timeout":null,"retryUntil":null,"data":{"commandName":"Illuminate\\Broadcasting\\BroadcastEvent","command":"O:38:\"Illuminate\\Broadcasting\\BroadcastEvent\":14:{s:5:\"event\";O:32:\"App\\Events\\UserNotificationEvent\":5:{s:4:\"data\";a:2:{s:8:\"order_id\";i:2;s:11:\"order_title\";s:6:\"Test 1\";}s:4:\"type\";s:17:\"executor_assigned\";s:5:\"title\";s:48:\"Вы назначены исполнителем\";s:7:\"message\";s:70:\"Вы назначены исполнителем заказа \"Test 1\"\";s:6:\"userId\";i:4;}s:5:\"tries\";N;s:7:\"timeout\";N;s:7:\"backoff\";N;s:13:\"maxExceptions\";N;s:10:\"connection\";N;s:5:\"queue\";N;s:5:\"delay\";N;s:11:\"afterCommit\";N;s:10:\"middleware\";a:0:{}s:7:\"chained\";a:0:{}s:15:\"chainConnection\";N;s:10:\"chainQueue\";N;s:19:\"chainCatchCallbacks\";N;}"}}',0,NULL,1755719423,1755719423);
INSERT INTO jobs VALUES(48,'default','{"uuid":"f46ab473-5817-463b-80a4-a6b582b58f54","displayName":"App\\Events\\UserNotificationEvent","job":"Illuminate\\Queue\\CallQueuedHandler@call","maxTries":null,"maxExceptions":null,"failOnTimeout":false,"backoff":null,"timeout":null,"retryUntil":null,"data":{"commandName":"Illuminate\\Broadcasting\\BroadcastEvent","command":"O:38:\"Illuminate\\Broadcasting\\BroadcastEvent\":14:{s:5:\"event\";O:32:\"App\\Events\\UserNotificationEvent\":5:{s:4:\"data\";a:4:{s:8:\"order_id\";i:2;s:11:\"order_title\";s:6:\"Test 1\";s:13:\"executor_name\";s:5:\"Anton\";s:11:\"executor_id\";i:4;}s:4:\"type\";s:17:\"executor_assigned\";s:5:\"title\";s:39:\"Исполнитель назначен\";s:7:\"message\";s:88:\"Для вашего заказа \"Test 1\" назначен исполнитель: Anton\";s:6:\"userId\";i:2;}s:5:\"tries\";N;s:7:\"timeout\";N;s:7:\"backoff\";N;s:13:\"maxExceptions\";N;s:10:\"connection\";N;s:5:\"queue\";N;s:5:\"delay\";N;s:11:\"afterCommit\";N;s:10:\"middleware\";a:0:{}s:7:\"chained\";a:0:{}s:15:\"chainConnection\";N;s:10:\"chainQueue\";N;s:19:\"chainCatchCallbacks\";N;}"}}',0,NULL,1755719423,1755719423);
INSERT INTO jobs VALUES(49,'default','{"uuid":"864def17-3fc5-452f-a7ec-3993abe5204e","displayName":"App\\Events\\AdminNotificationEvent","job":"Illuminate\\Queue\\CallQueuedHandler@call","maxTries":null,"maxExceptions":null,"failOnTimeout":false,"backoff":null,"timeout":null,"retryUntil":null,"data":{"commandName":"Illuminate\\Broadcasting\\BroadcastEvent","command":"O:38:\"Illuminate\\Broadcasting\\BroadcastEvent\":14:{s:5:\"event\";O:33:\"App\\Events\\AdminNotificationEvent\":5:{s:4:\"data\";a:5:{s:8:\"order_id\";i:3;s:11:\"order_title\";s:6:\"Test 2\";s:11:\"author_name\";s:33:\"Тестовый Заказчик\";s:9:\"author_id\";i:2;s:10:\"max_amount\";i:5555;}s:4:\"type\";s:9:\"new_order\";s:5:\"title\";s:34:\"Новый заказ создан\";s:7:\"message\";s:107:\"Создан новый заказ \"Test 2\" от пользователя Тестовый Заказчик\";s:6:\"userId\";N;}s:5:\"tries\";N;s:7:\"timeout\";N;s:7:\"backoff\";N;s:13:\"maxExceptions\";N;s:10:\"connection\";N;s:5:\"queue\";N;s:5:\"delay\";N;s:11:\"afterCommit\";N;s:10:\"middleware\";a:0:{}s:7:\"chained\";a:0:{}s:15:\"chainConnection\";N;s:10:\"chainQueue\";N;s:19:\"chainCatchCallbacks\";N;}"}}',0,NULL,1755721744,1755721744);
INSERT INTO jobs VALUES(50,'default','{"uuid":"98e33305-5763-489b-845b-ffd8e10570ba","displayName":"App\\Events\\UserNotificationEvent","job":"Illuminate\\Queue\\CallQueuedHandler@call","maxTries":null,"maxExceptions":null,"failOnTimeout":false,"backoff":null,"timeout":null,"retryUntil":null,"data":{"commandName":"Illuminate\\Broadcasting\\BroadcastEvent","command":"O:38:\"Illuminate\\Broadcasting\\BroadcastEvent\":14:{s:5:\"event\";O:32:\"App\\Events\\UserNotificationEvent\":5:{s:4:\"data\";a:5:{s:7:\"user_id\";i:3;s:17:\"license_file_path\";s:33:\"licenses\/license_3_1755723379.jpg\";s:19:\"verification_status\";i:0;s:10:\"old_status\";i:2;s:11:\"uploaded_at\";s:27:\"2025-08-20T20:56:19.530510Z\";}s:4:\"type\";s:16:\"license_uploaded\";s:5:\"title\";s:16:\"License Uploaded\";s:7:\"message\";s:105:\"Your license has been successfully uploaded and sent for review. Please wait for the verification result.\";s:6:\"userId\";i:3;}s:5:\"tries\";N;s:7:\"timeout\";N;s:7:\"backoff\";N;s:13:\"maxExceptions\";N;s:10:\"connection\";N;s:5:\"queue\";N;s:5:\"delay\";N;s:11:\"afterCommit\";N;s:10:\"middleware\";a:0:{}s:7:\"chained\";a:0:{}s:15:\"chainConnection\";N;s:10:\"chainQueue\";N;s:19:\"chainCatchCallbacks\";N;}"}}',0,NULL,1755723379,1755723379);
INSERT INTO jobs VALUES(51,'default','{"uuid":"2c5977bc-d8b1-46c8-ab9c-7a06f9a04eed","displayName":"App\\Events\\AdminNotificationEvent","job":"Illuminate\\Queue\\CallQueuedHandler@call","maxTries":null,"maxExceptions":null,"failOnTimeout":false,"backoff":null,"timeout":null,"retryUntil":null,"data":{"commandName":"Illuminate\\Broadcasting\\BroadcastEvent","command":"O:38:\"Illuminate\\Broadcasting\\BroadcastEvent\":14:{s:5:\"event\";O:33:\"App\\Events\\AdminNotificationEvent\":5:{s:4:\"data\";a:5:{s:11:\"executor_id\";i:3;s:13:\"executor_name\";s:39:\"Тестовый Исполнитель\";s:14:\"executor_email\";s:17:\"executor@test.com\";s:17:\"license_file_path\";s:33:\"licenses\/license_3_1755723379.jpg\";s:11:\"uploaded_at\";s:27:\"2025-08-20T20:56:19.531676Z\";}s:4:\"type\";s:24:\"new_license_verification\";s:5:\"title\";s:28:\"New License for Verification\";s:7:\"message\";s:84:\"Executor Тестовый Исполнитель uploaded a license for verification\";s:6:\"userId\";N;}s:5:\"tries\";N;s:7:\"timeout\";N;s:7:\"backoff\";N;s:13:\"maxExceptions\";N;s:10:\"connection\";N;s:5:\"queue\";N;s:5:\"delay\";N;s:11:\"afterCommit\";N;s:10:\"middleware\";a:0:{}s:7:\"chained\";a:0:{}s:15:\"chainConnection\";N;s:10:\"chainQueue\";N;s:19:\"chainCatchCallbacks\";N;}"}}',0,NULL,1755723379,1755723379);
INSERT INTO jobs VALUES(52,'default','{"uuid":"23fed711-cd3f-4560-bc56-2799c012c7bd","displayName":"App\\Events\\UserNotificationEvent","job":"Illuminate\\Queue\\CallQueuedHandler@call","maxTries":null,"maxExceptions":null,"failOnTimeout":false,"backoff":null,"timeout":null,"retryUntil":null,"data":{"commandName":"Illuminate\\Broadcasting\\BroadcastEvent","command":"O:38:\"Illuminate\\Broadcasting\\BroadcastEvent\":14:{s:5:\"event\";O:32:\"App\\Events\\UserNotificationEvent\":5:{s:4:\"data\";a:7:{s:7:\"user_id\";i:3;s:10:\"old_status\";i:2;s:10:\"new_status\";i:0;s:16:\"old_status_label\";s:8:\"Rejected\";s:16:\"new_status_label\";s:12:\"Under Review\";s:20:\"verification_comment\";N;s:11:\"verified_at\";N;}s:4:\"type\";s:27:\"verification_status_changed\";s:5:\"title\";s:25:\"Verification Under Review\";s:7:\"message\";s:74:\"Your documents have been submitted for review. Please wait for the result.\";s:6:\"userId\";i:3;}s:5:\"tries\";N;s:7:\"timeout\";N;s:7:\"backoff\";N;s:13:\"maxExceptions\";N;s:10:\"connection\";N;s:5:\"queue\";N;s:5:\"delay\";N;s:11:\"afterCommit\";N;s:10:\"middleware\";a:0:{}s:7:\"chained\";a:0:{}s:15:\"chainConnection\";N;s:10:\"chainQueue\";N;s:19:\"chainCatchCallbacks\";N;}"}}',0,NULL,1755723379,1755723379);
INSERT INTO jobs VALUES(53,'default','{"uuid":"9d435767-fce9-4341-9f10-c85ddaebc1e2","displayName":"App\\Events\\UserNotificationEvent","job":"Illuminate\\Queue\\CallQueuedHandler@call","maxTries":null,"maxExceptions":null,"failOnTimeout":false,"backoff":null,"timeout":null,"retryUntil":null,"data":{"commandName":"Illuminate\\Broadcasting\\BroadcastEvent","command":"O:38:\"Illuminate\\Broadcasting\\BroadcastEvent\":14:{s:5:\"event\";O:32:\"App\\Events\\UserNotificationEvent\":5:{s:4:\"data\";a:7:{s:7:\"user_id\";i:3;s:10:\"old_status\";i:0;s:10:\"new_status\";i:1;s:16:\"old_status_label\";s:12:\"Under Review\";s:16:\"new_status_label\";s:8:\"Approved\";s:20:\"verification_comment\";s:33:\"License approved by administrator\";s:11:\"verified_at\";s:27:\"2025-08-20T20:56:31.000000Z\";}s:4:\"type\";s:27:\"verification_status_changed\";s:5:\"title\";s:22:\"Verification Approved!\";s:7:\"message\";s:94:\"Congratulations! Your verification has been successfully completed. You can now accept orders.\";s:6:\"userId\";i:3;}s:5:\"tries\";N;s:7:\"timeout\";N;s:7:\"backoff\";N;s:13:\"maxExceptions\";N;s:10:\"connection\";N;s:5:\"queue\";N;s:5:\"delay\";N;s:11:\"afterCommit\";N;s:10:\"middleware\";a:0:{}s:7:\"chained\";a:0:{}s:15:\"chainConnection\";N;s:10:\"chainQueue\";N;s:19:\"chainCatchCallbacks\";N;}"}}',0,NULL,1755723391,1755723391);
INSERT INTO jobs VALUES(54,'default','{"uuid":"4a9ea5b3-c6f9-482d-be85-4947b9e143eb","displayName":"App\\Events\\AdminNotificationEvent","job":"Illuminate\\Queue\\CallQueuedHandler@call","maxTries":null,"maxExceptions":null,"failOnTimeout":false,"backoff":null,"timeout":null,"retryUntil":null,"data":{"commandName":"Illuminate\\Broadcasting\\BroadcastEvent","command":"O:38:\"Illuminate\\Broadcasting\\BroadcastEvent\":14:{s:5:\"event\";O:33:\"App\\Events\\AdminNotificationEvent\":5:{s:4:\"data\";a:6:{s:11:\"executor_id\";i:3;s:13:\"executor_name\";s:39:\"Тестовый Исполнитель\";s:14:\"executor_email\";s:17:\"executor@test.com\";s:10:\"new_status\";i:1;s:16:\"new_status_label\";s:8:\"Approved\";s:20:\"verification_comment\";s:33:\"License approved by administrator\";}s:4:\"type\";s:22:\"verification_completed\";s:5:\"title\";s:22:\"Verification Completed\";s:7:\"message\";s:70:\"Executor Тестовый Исполнитель successfully verified\";s:6:\"userId\";N;}s:5:\"tries\";N;s:7:\"timeout\";N;s:7:\"backoff\";N;s:13:\"maxExceptions\";N;s:10:\"connection\";N;s:5:\"queue\";N;s:5:\"delay\";N;s:11:\"afterCommit\";N;s:10:\"middleware\";a:0:{}s:7:\"chained\";a:0:{}s:15:\"chainConnection\";N;s:10:\"chainQueue\";N;s:19:\"chainCatchCallbacks\";N;}"}}',0,NULL,1755723391,1755723391);
INSERT INTO jobs VALUES(55,'default','{"uuid":"3ee3298d-6bb4-4969-9560-54b785102bbe","displayName":"App\\Events\\UserNotificationEvent","job":"Illuminate\\Queue\\CallQueuedHandler@call","maxTries":null,"maxExceptions":null,"failOnTimeout":false,"backoff":null,"timeout":null,"retryUntil":null,"data":{"commandName":"Illuminate\\Broadcasting\\BroadcastEvent","command":"O:38:\"Illuminate\\Broadcasting\\BroadcastEvent\":14:{s:5:\"event\";O:32:\"App\\Events\\UserNotificationEvent\":5:{s:4:\"data\";a:5:{s:7:\"user_id\";i:3;s:19:\"verification_status\";i:1;s:20:\"verification_comment\";s:33:\"License approved by administrator\";s:11:\"verified_at\";s:27:\"2025-08-20T20:56:31.000000Z\";s:10:\"old_status\";i:0;}s:4:\"type\";s:27:\"verification_status_changed\";s:5:\"title\";s:33:\"Лицензия одобрена\";s:7:\"message\";s:156:\"Ваша лицензия была одобрена администратором. Теперь вы можете откликаться на заказы.\";s:6:\"userId\";i:3;}s:5:\"tries\";N;s:7:\"timeout\";N;s:7:\"backoff\";N;s:13:\"maxExceptions\";N;s:10:\"connection\";N;s:5:\"queue\";N;s:5:\"delay\";N;s:11:\"afterCommit\";N;s:10:\"middleware\";a:0:{}s:7:\"chained\";a:0:{}s:15:\"chainConnection\";N;s:10:\"chainQueue\";N;s:19:\"chainCatchCallbacks\";N;}"}}',0,NULL,1755723391,1755723391);
INSERT INTO jobs VALUES(56,'default','{"uuid":"ec3fb8de-c254-4c38-9076-cb993f09e1c8","displayName":"App\\Events\\AdminNotificationEvent","job":"Illuminate\\Queue\\CallQueuedHandler@call","maxTries":null,"maxExceptions":null,"failOnTimeout":false,"backoff":null,"timeout":null,"retryUntil":null,"data":{"commandName":"Illuminate\\Broadcasting\\BroadcastEvent","command":"O:38:\"Illuminate\\Broadcasting\\BroadcastEvent\":14:{s:5:\"event\";O:33:\"App\\Events\\AdminNotificationEvent\":5:{s:4:\"data\";a:5:{s:8:\"order_id\";i:4;s:11:\"order_title\";s:6:\"Test 3\";s:11:\"author_name\";s:33:\"Тестовый Заказчик\";s:9:\"author_id\";i:2;s:10:\"max_amount\";i:55555;}s:4:\"type\";s:9:\"new_order\";s:5:\"title\";s:34:\"Новый заказ создан\";s:7:\"message\";s:107:\"Создан новый заказ \"Test 3\" от пользователя Тестовый Заказчик\";s:6:\"userId\";N;}s:5:\"tries\";N;s:7:\"timeout\";N;s:7:\"backoff\";N;s:13:\"maxExceptions\";N;s:10:\"connection\";N;s:5:\"queue\";N;s:5:\"delay\";N;s:11:\"afterCommit\";N;s:10:\"middleware\";a:0:{}s:7:\"chained\";a:0:{}s:15:\"chainConnection\";N;s:10:\"chainQueue\";N;s:19:\"chainCatchCallbacks\";N;}"}}',0,NULL,1755728254,1755728254);
CREATE TABLE IF NOT EXISTS "job_batches" ("id" varchar not null, "name" varchar not null, "total_jobs" integer not null, "pending_jobs" integer not null, "failed_jobs" integer not null, "failed_job_ids" text not null, "options" text, "cancelled_at" integer, "created_at" integer not null, "finished_at" integer, primary key ("id"));
CREATE TABLE IF NOT EXISTS "failed_jobs" ("id" integer primary key autoincrement not null, "uuid" varchar not null, "connection" text not null, "queue" text not null, "payload" text not null, "exception" text not null, "failed_at" datetime not null default CURRENT_TIMESTAMP);
CREATE TABLE IF NOT EXISTS "roles" ("id" integer primary key autoincrement not null, "slug" varchar not null, "name" varchar not null, "permissions" text, "created_at" datetime, "updated_at" datetime);
INSERT INTO roles VALUES(1,'admin','Administrator','{"platform.users.manage":true,"platform.systems.analytics":true,"platform.systems.reports":true,"platform.systems.notifications":true,"platform.systems.licenses":true,"platform.systems.complaints":true,"platform.systems.payments":true,"platform.systems.subscriptions":true,"platform.systems.orders":true,"platform.systems.orders.responses":true,"platform.systems.mediators":true,"platform.systems.executors":true,"platform.systems.customers":true,"platform.systems.banners":true,"platform.systems.work-directions":true,"platform.systems.work-types":true,"platform.systems.housing-options":true}','2025-08-20 22:09:09','2025-08-20 22:09:09');
CREATE TABLE IF NOT EXISTS "role_users" ("user_id" integer not null, "role_id" integer not null, foreign key("user_id") references "users"("id") on delete cascade on update cascade, foreign key("role_id") references "roles"("id") on delete cascade on update cascade, primary key ("user_id", "role_id"));
INSERT INTO role_users VALUES(1,1);
CREATE TABLE IF NOT EXISTS "attachments" ("id" integer primary key autoincrement not null, "name" text not null, "original_name" text not null, "mime" varchar not null, "extension" varchar, "size" integer not null default '0', "sort" integer not null default '0', "path" text not null, "description" text, "alt" text, "hash" text, "disk" varchar not null default 'public', "user_id" integer, "group" varchar, "created_at" datetime, "updated_at" datetime);
CREATE TABLE IF NOT EXISTS "attachmentable" ("id" integer primary key autoincrement not null, "attachmentable_type" varchar not null, "attachmentable_id" integer not null, "attachment_id" integer not null, foreign key("attachment_id") references "attachments"("id") on delete cascade on update cascade);
CREATE TABLE IF NOT EXISTS "notifications" ("id" varchar not null, "type" varchar not null, "notifiable_type" varchar not null, "notifiable_id" integer not null, "data" text not null, "read_at" datetime, "created_at" datetime, "updated_at" datetime, primary key ("id"));
CREATE TABLE IF NOT EXISTS "personal_access_tokens" ("id" integer primary key autoincrement not null, "tokenable_type" varchar not null, "tokenable_id" integer not null, "name" varchar not null, "token" varchar not null, "abilities" text, "last_used_at" datetime, "expires_at" datetime, "created_at" datetime, "updated_at" datetime);
CREATE TABLE IF NOT EXISTS "verifications" ("id" integer primary key autoincrement not null, "email" varchar not null, "code" varchar not null, "attempts" integer not null default '0', "created_at" datetime, "updated_at" datetime);
CREATE TABLE IF NOT EXISTS "subscription" ("id" integer primary key autoincrement not null, "name" varchar not null, "amount" integer not null, "created_at" datetime, "updated_at" datetime, "month" integer, "status" integer not null default '0');
CREATE TABLE IF NOT EXISTS "user_notifications" ("id" integer primary key autoincrement not null, "data" text not null, "user_id" integer not null, "read_at" datetime, "created_at" datetime, "updated_at" datetime, foreign key("user_id") references "users"("id") on delete cascade on update cascade);
INSERT INTO user_notifications VALUES(1,'{"type":"order_status_changed","title":"\u0417\u0430\u043a\u0430\u0437 \u0441\u043e\u0437\u0434\u0430\u043d","message":"\u0412\u0430\u0448 \u0437\u0430\u043a\u0430\u0437 \u0441\u043e\u0437\u0434\u0430\u043d \u0438 \u0438\u0449\u0435\u0442 \u0438\u0441\u043f\u043e\u043b\u043d\u0438\u0442\u0435\u043b\u044f","order_id":1,"order_title":"Test","old_status":null,"new_status":0,"status_name":"\u041f\u043e\u0438\u0441\u043a \u0438\u0441\u043f\u043e\u043b\u043d\u0438\u0442\u0435\u043b\u044f","created_at":"2025-08-20 17:01:48"}',2,'2025-08-20 20:49:55','2025-08-20 17:01:48','2025-08-20 20:49:55');
INSERT INTO user_notifications VALUES(2,'{"type":"executor_selected","title":"You have been selected for an order","message":"Congratulations! You have been selected to execute order \"Test\" (#1). Please confirm acceptance within 24 hours.","order_id":1,"order_title":"Test","customer_name":"\u0422\u0435\u0441\u0442\u043e\u0432\u044b\u0439 \u0417\u0430\u043a\u0430\u0437\u0447\u0438\u043a","max_amount":55555,"planned_start_date":"20.08.2025"}',4,'2025-08-20 18:30:46','2025-08-20 18:30:24','2025-08-20 18:30:46');
INSERT INTO user_notifications VALUES(3,'{"type":"order_status_changed","title":"\u0418\u0441\u043f\u043e\u043b\u043d\u0438\u0442\u0435\u043b\u044c \u0432\u044b\u0431\u0440\u0430\u043d","message":"\u0418\u0441\u043f\u043e\u043b\u043d\u0438\u0442\u0435\u043b\u044c \u0432\u044b\u0431\u0440\u0430\u043d \u0434\u043b\u044f \u0432\u0430\u0448\u0435\u0433\u043e \u0437\u0430\u043a\u0430\u0437\u0430","order_id":1,"order_title":"Test","old_status":0,"new_status":3,"status_name":"\u0418\u0441\u043f\u043e\u043b\u043d\u0438\u0442\u0435\u043b\u044c \u0432\u044b\u0431\u0440\u0430\u043d","created_at":"2025-08-20 18:30:24"}',2,'2025-08-20 20:49:55','2025-08-20 18:30:24','2025-08-20 20:49:55');
INSERT INTO user_notifications VALUES(4,'{"type":"order_status_changed","title":"\u0412\u0430\u0441 \u0432\u044b\u0431\u0440\u0430\u043b\u0438 \u0438\u0441\u043f\u043e\u043b\u043d\u0438\u0442\u0435\u043b\u0435\u043c","message":"\u0412\u0430\u0441 \u0432\u044b\u0431\u0440\u0430\u043b\u0438 \u0438\u0441\u043f\u043e\u043b\u043d\u0438\u0442\u0435\u043b\u0435\u043c \u0437\u0430\u043a\u0430\u0437\u0430","order_id":1,"order_title":"Test","old_status":0,"new_status":3,"status_name":"\u0418\u0441\u043f\u043e\u043b\u043d\u0438\u0442\u0435\u043b\u044c \u0432\u044b\u0431\u0440\u0430\u043d","created_at":"2025-08-20 18:30:24"}',4,'2025-08-20 18:30:47','2025-08-20 18:30:24','2025-08-20 18:30:47');
INSERT INTO user_notifications VALUES(5,'{"type":"order_status_changed","title":"\u0417\u0430\u043a\u0430\u0437 \u0432 \u0440\u0430\u0431\u043e\u0442\u0435","message":"\u0418\u0441\u043f\u043e\u043b\u043d\u0438\u0442\u0435\u043b\u044c \u043d\u0430\u0447\u0430\u043b \u0440\u0430\u0431\u043e\u0442\u0443 \u043d\u0430\u0434 \u0437\u0430\u043a\u0430\u0437\u043e\u043c","order_id":1,"order_title":"Test","old_status":3,"new_status":4,"status_name":"\u0412 \u0440\u0430\u0431\u043e\u0442\u0435","created_at":"2025-08-20 18:32:29"}',2,'2025-08-20 20:49:55','2025-08-20 18:32:29','2025-08-20 20:49:55');
INSERT INTO user_notifications VALUES(6,'{"type":"order_status_changed","title":"\u0417\u0430\u043a\u0430\u0437 \u0432\u0437\u044f\u0442 \u0432 \u0440\u0430\u0431\u043e\u0442\u0443","message":"\u0412\u044b \u0432\u0437\u044f\u043b\u0438 \u0437\u0430\u043a\u0430\u0437 \u0432 \u0440\u0430\u0431\u043e\u0442\u0443","order_id":1,"order_title":"Test","old_status":3,"new_status":4,"status_name":"\u0412 \u0440\u0430\u0431\u043e\u0442\u0435","created_at":"2025-08-20 18:32:29"}',4,'2025-08-20 18:40:18','2025-08-20 18:32:29','2025-08-20 18:40:18');
INSERT INTO user_notifications VALUES(7,'{"type":"executor_refused","title":"\u0418\u0441\u043f\u043e\u043b\u043d\u0438\u0442\u0435\u043b\u044c \u043e\u0442\u043a\u0430\u0437\u0430\u043b\u0441\u044f","message":"\u0418\u0441\u043f\u043e\u043b\u043d\u0438\u0442\u0435\u043b\u044c Anton \u043e\u0442\u043a\u0430\u0437\u0430\u043b\u0441\u044f \u043e\u0442 \u0432\u044b\u043f\u043e\u043b\u043d\u0435\u043d\u0438\u044f \u0437\u0430\u043a\u0430\u0437\u0430 \"Test\"","order_id":1,"order_title":"Test","executor_id":4,"executor_name":"Anton"}',2,'2025-08-20 20:49:55','2025-08-20 19:33:05','2025-08-20 20:49:55');
INSERT INTO user_notifications VALUES(8,'{"type":"order_status_changed","title":"\u041f\u043e\u043b\u0443\u0447\u0435\u043d\u044b \u043e\u0442\u043a\u043b\u0438\u043a\u0438","message":"\u041d\u0430 \u0432\u0430\u0448 \u0437\u0430\u043a\u0430\u0437 \u043f\u043e\u0441\u0442\u0443\u043f\u0438\u043b\u0438 \u043e\u0442\u043a\u043b\u0438\u043a\u0438","order_id":1,"order_title":"Test","old_status":2,"new_status":2,"status_name":"\u0412\u044b\u0431\u043e\u0440 \u0438\u0441\u043f\u043e\u043b\u043d\u0438\u0442\u0435\u043b\u044f","created_at":"2025-08-20 19:33:05"}',2,'2025-08-20 20:49:55','2025-08-20 19:33:05','2025-08-20 20:49:55');
INSERT INTO user_notifications VALUES(9,'{"type":"order_status_changed","title":"\u0417\u0430\u043a\u0430\u0437 \u043e\u0442\u043c\u0435\u043d\u0435\u043d","message":"\u0417\u0430\u043a\u0430\u0437 \u043e\u0442\u043c\u0435\u043d\u0435\u043d","order_id":1,"order_title":"Test","old_status":2,"new_status":1,"status_name":"\u041e\u0442\u043c\u0435\u043d\u0435\u043d","created_at":"2025-08-20 19:47:02"}',2,'2025-08-20 20:49:55','2025-08-20 19:47:02','2025-08-20 20:49:55');
INSERT INTO user_notifications VALUES(10,'{"type":"order_status_changed","title":"\u0417\u0430\u043a\u0430\u0437 \u0441\u043e\u0437\u0434\u0430\u043d","message":"\u0412\u0430\u0448 \u0437\u0430\u043a\u0430\u0437 \u0441\u043e\u0437\u0434\u0430\u043d \u0438 \u0438\u0449\u0435\u0442 \u0438\u0441\u043f\u043e\u043b\u043d\u0438\u0442\u0435\u043b\u044f","order_id":2,"order_title":"Test 1","old_status":null,"new_status":0,"status_name":"\u041f\u043e\u0438\u0441\u043a \u0438\u0441\u043f\u043e\u043b\u043d\u0438\u0442\u0435\u043b\u044f","created_at":"2025-08-20 19:47:53"}',2,'2025-08-20 20:49:55','2025-08-20 19:47:53','2025-08-20 20:49:55');
INSERT INTO user_notifications VALUES(11,'{"type":"new_response","title":"\u041d\u043e\u0432\u044b\u0439 \u043e\u0442\u043a\u043b\u0438\u043a \u043d\u0430 \u0437\u0430\u043a\u0430\u0437","message":"\u0418\u0441\u043f\u043e\u043b\u043d\u0438\u0442\u0435\u043b\u044c Anton \u043e\u0442\u043a\u043b\u0438\u043a\u043d\u0443\u043b\u0441\u044f \u043d\u0430 \u0432\u0430\u0448 \u0437\u0430\u043a\u0430\u0437 \"Test 1\"","order_id":2,"order_title":"Test 1","executor_id":4,"executor_name":"Anton","response_id":2}',2,'2025-08-20 20:49:55','2025-08-20 19:49:17','2025-08-20 20:49:55');
INSERT INTO user_notifications VALUES(12,'{"type":"contacts_exchanged","title":"\u041a\u043e\u043d\u0442\u0430\u043a\u0442\u044b \u043e\u0431\u043c\u0435\u043d\u0435\u043d\u044b","message":"\u041a\u043e\u043d\u0442\u0430\u043a\u0442\u044b \u043e\u0431\u043c\u0435\u043d\u0435\u043d\u044b \u0434\u043b\u044f \u0437\u0430\u043a\u0430\u0437\u0430 \"Test 1\". \u0422\u0435\u043f\u0435\u0440\u044c \u0432\u044b \u043c\u043e\u0436\u0435\u0442\u0435 \u0441\u0432\u044f\u0437\u0430\u0442\u044c\u0441\u044f \u0441 \u0437\u0430\u043a\u0430\u0437\u0447\u0438\u043a\u043e\u043c.","order_id":2,"order_title":"Test 1","customer_id":2,"customer_name":"\u0422\u0435\u0441\u0442\u043e\u0432\u044b\u0439 \u0417\u0430\u043a\u0430\u0437\u0447\u0438\u043a"}',4,'2025-08-20 19:51:13','2025-08-20 19:50:16','2025-08-20 19:51:13');
INSERT INTO user_notifications VALUES(13,'{"type":"order_started","title":"\u0417\u0430\u043a\u0430\u0437 \u043d\u0430\u0447\u0430\u0442","message":"\u0412\u044b \u0432\u044b\u0431\u0440\u0430\u043d\u044b \u0438\u0441\u043f\u043e\u043b\u043d\u0438\u0442\u0435\u043b\u0435\u043c \u0437\u0430\u043a\u0430\u0437\u0430 \"Test 1\". \u0420\u0430\u0431\u043e\u0442\u0430 \u043d\u0430\u0447\u0430\u043b\u0430\u0441\u044c \u0430\u0432\u0442\u043e\u043c\u0430\u0442\u0438\u0447\u0435\u0441\u043a\u0438.","order_id":2,"order_title":"Test 1","customer_id":2,"customer_name":"\u0422\u0435\u0441\u0442\u043e\u0432\u044b\u0439 \u0417\u0430\u043a\u0430\u0437\u0447\u0438\u043a"}',4,'2025-08-20 19:51:14','2025-08-20 19:50:23','2025-08-20 19:51:14');
INSERT INTO user_notifications VALUES(14,'{"type":"order_status_changed","title":"\u0417\u0430\u043a\u0430\u0437 \u0432 \u0440\u0430\u0431\u043e\u0442\u0435","message":"\u0418\u0441\u043f\u043e\u043b\u043d\u0438\u0442\u0435\u043b\u044c \u043d\u0430\u0447\u0430\u043b \u0440\u0430\u0431\u043e\u0442\u0443 \u043d\u0430\u0434 \u0437\u0430\u043a\u0430\u0437\u043e\u043c","order_id":2,"order_title":"Test 1","old_status":0,"new_status":4,"status_name":"\u0412 \u0440\u0430\u0431\u043e\u0442\u0435","created_at":"2025-08-20 19:50:23"}',2,'2025-08-20 20:49:55','2025-08-20 19:50:23','2025-08-20 20:49:55');
INSERT INTO user_notifications VALUES(15,'{"type":"order_status_changed","title":"\u0417\u0430\u043a\u0430\u0437 \u0432\u0437\u044f\u0442 \u0432 \u0440\u0430\u0431\u043e\u0442\u0443","message":"\u0412\u044b \u0432\u0437\u044f\u043b\u0438 \u0437\u0430\u043a\u0430\u0437 \u0432 \u0440\u0430\u0431\u043e\u0442\u0443","order_id":2,"order_title":"Test 1","old_status":0,"new_status":4,"status_name":"\u0412 \u0440\u0430\u0431\u043e\u0442\u0435","created_at":"2025-08-20 19:50:23"}',4,'2025-08-20 19:51:13','2025-08-20 19:50:23','2025-08-20 19:51:13');
INSERT INTO user_notifications VALUES(16,'{"type":"order_status_changed","title":"\u0417\u0430\u043a\u0430\u0437 \u0441\u043e\u0437\u0434\u0430\u043d","message":"\u0412\u0430\u0448 \u0437\u0430\u043a\u0430\u0437 \u0441\u043e\u0437\u0434\u0430\u043d \u0438 \u0438\u0449\u0435\u0442 \u0438\u0441\u043f\u043e\u043b\u043d\u0438\u0442\u0435\u043b\u044f","order_id":3,"order_title":"Test 2","old_status":null,"new_status":0,"status_name":"\u041f\u043e\u0438\u0441\u043a \u0438\u0441\u043f\u043e\u043b\u043d\u0438\u0442\u0435\u043b\u044f","created_at":"2025-08-20 20:29:04"}',2,'2025-08-20 20:49:55','2025-08-20 20:29:04','2025-08-20 20:49:55');
INSERT INTO user_notifications VALUES(17,'{"type":"new_response","title":"\u041d\u043e\u0432\u044b\u0439 \u043e\u0442\u043a\u043b\u0438\u043a \u043d\u0430 \u0437\u0430\u043a\u0430\u0437","message":"\u0418\u0441\u043f\u043e\u043b\u043d\u0438\u0442\u0435\u043b\u044c Anton \u043e\u0442\u043a\u043b\u0438\u043a\u043d\u0443\u043b\u0441\u044f \u043d\u0430 \u0432\u0430\u0448 \u0437\u0430\u043a\u0430\u0437 \"Test 2\"","order_id":3,"order_title":"Test 2","executor_id":4,"executor_name":"Anton","response_id":3}',2,'2025-08-20 20:49:55','2025-08-20 20:29:53','2025-08-20 20:49:55');
INSERT INTO user_notifications VALUES(18,'{"type":"contacts_exchanged","title":"\u041a\u043e\u043d\u0442\u0430\u043a\u0442\u044b \u043e\u0431\u043c\u0435\u043d\u0435\u043d\u044b","message":"\u041a\u043e\u043d\u0442\u0430\u043a\u0442\u044b \u043e\u0431\u043c\u0435\u043d\u0435\u043d\u044b \u0434\u043b\u044f \u0437\u0430\u043a\u0430\u0437\u0430 \"Test 2\". \u0422\u0435\u043f\u0435\u0440\u044c \u0432\u044b \u043c\u043e\u0436\u0435\u0442\u0435 \u0441\u0432\u044f\u0437\u0430\u0442\u044c\u0441\u044f \u0441 \u0437\u0430\u043a\u0430\u0437\u0447\u0438\u043a\u043e\u043c.","order_id":3,"order_title":"Test 2","customer_id":2,"customer_name":"\u0422\u0435\u0441\u0442\u043e\u0432\u044b\u0439 \u0417\u0430\u043a\u0430\u0437\u0447\u0438\u043a"}',4,NULL,'2025-08-20 20:45:52','2025-08-20 20:45:52');
INSERT INTO user_notifications VALUES(19,'{"type":"response_rejected","title":"\u041e\u0442\u043a\u043b\u0438\u043a \u043e\u0442\u043a\u043b\u043e\u043d\u0435\u043d","message":"\u0412\u0430\u0448 \u043e\u0442\u043a\u043b\u0438\u043a \u043d\u0430 \u0437\u0430\u043a\u0430\u0437 \"Test 2\" \u0431\u044b\u043b \u043e\u0442\u043a\u043b\u043e\u043d\u0435\u043d \u0437\u0430\u043a\u0430\u0437\u0447\u0438\u043a\u043e\u043c","order_id":3,"order_title":"Test 2","customer_id":2,"customer_name":"\u0422\u0435\u0441\u0442\u043e\u0432\u044b\u0439 \u0417\u0430\u043a\u0430\u0437\u0447\u0438\u043a"}',4,NULL,'2025-08-20 20:50:08','2025-08-20 20:50:08');
INSERT INTO user_notifications VALUES(20,'{"type":"new_response","title":"\u041d\u043e\u0432\u044b\u0439 \u043e\u0442\u043a\u043b\u0438\u043a \u043d\u0430 \u0437\u0430\u043a\u0430\u0437","message":"\u0418\u0441\u043f\u043e\u043b\u043d\u0438\u0442\u0435\u043b\u044c \u0422\u0435\u0441\u0442\u043e\u0432\u044b\u0439 \u0418\u0441\u043f\u043e\u043b\u043d\u0438\u0442\u0435\u043b\u044c \u043e\u0442\u043a\u043b\u0438\u043a\u043d\u0443\u043b\u0441\u044f \u043d\u0430 \u0432\u0430\u0448 \u0437\u0430\u043a\u0430\u0437 \"Test 2\"","order_id":3,"order_title":"Test 2","executor_id":3,"executor_name":"\u0422\u0435\u0441\u0442\u043e\u0432\u044b\u0439 \u0418\u0441\u043f\u043e\u043b\u043d\u0438\u0442\u0435\u043b\u044c","response_id":4}',2,NULL,'2025-08-20 20:56:59','2025-08-20 20:56:59');
INSERT INTO user_notifications VALUES(21,'{"type":"order_status_changed","title":"\u0417\u0430\u043a\u0430\u0437 \u0441\u043e\u0437\u0434\u0430\u043d","message":"\u0412\u0430\u0448 \u0437\u0430\u043a\u0430\u0437 \u0441\u043e\u0437\u0434\u0430\u043d \u0438 \u0438\u0449\u0435\u0442 \u0438\u0441\u043f\u043e\u043b\u043d\u0438\u0442\u0435\u043b\u044f","order_id":4,"order_title":"Test 3","old_status":null,"new_status":0,"status_name":"\u041f\u043e\u0438\u0441\u043a \u0438\u0441\u043f\u043e\u043b\u043d\u0438\u0442\u0435\u043b\u044f","created_at":"2025-08-20 22:17:34"}',2,NULL,'2025-08-20 22:17:34','2025-08-20 22:17:34');
CREATE TABLE IF NOT EXISTS "promo_code" ("id" integer primary key autoincrement not null, "name" varchar not null, "description" text not null, "deductions_partner" integer not null, "status" integer not null default '0', "created_at" datetime, "updated_at" datetime, "user_discount" integer);
CREATE TABLE IF NOT EXISTS "transaction" ("id" integer primary key autoincrement not null, "subscription_id" integer not null, "amount" integer not null, "user_discount" integer not null, "user_id" integer not null, "promo_code_id" integer, "status" integer not null default '0', "created_at" datetime, "updated_at" datetime, "payment_id" varchar, foreign key("subscription_id") references "subscription"("id") on delete cascade on update cascade, foreign key("user_id") references "users"("id") on delete cascade on update cascade, foreign key("promo_code_id") references "promo_code"("id") on delete cascade on update cascade);
CREATE TABLE IF NOT EXISTS "user_settings" ("id" integer primary key autoincrement not null, "user_id" integer not null, "localization" varchar not null default 'en-US', "created_at" datetime, "updated_at" datetime, foreign key("user_id") references "users"("id") on delete cascade on update cascade);
CREATE TABLE IF NOT EXISTS "files" ("id" integer primary key autoincrement not null, "user_id" integer not null, "path" varchar not null, "created_at" datetime, "updated_at" datetime, "name" varchar, "size" integer, foreign key("user_id") references "users"("id") on delete cascade on update cascade);
INSERT INTO files VALUES(1,2,'attachments/Ivc6NkPKgbqHNuQXBzaixC6ndY7EPWly8hmEEwIf.png','2025-08-20 17:01:42','2025-08-20 17:01:42','design_2_1755422828591.jpg',1666828);
INSERT INTO files VALUES(2,2,'attachments/4D1EyflvpHCza8QF5sUlWjFT2gG9P15tWjF0RxJE.png','2025-08-20 17:01:46','2025-08-20 17:01:46','design_1_1755422825900.jpg',1839582);
INSERT INTO files VALUES(3,2,'attachments/gfVObaOmKbL1vcOpMaf2Ia9KpNzDE3UvOpRA9BOw.png','2025-08-20 19:47:45','2025-08-20 19:47:45','design_2_1755422828591.jpg',1666828);
INSERT INTO files VALUES(4,2,'attachments/x2GZQFk2KYYBxT0N12Olq7iKkcrVfs5Ymt7irGLw.png','2025-08-20 19:47:48','2025-08-20 19:47:48','design_1_1755422825900.jpg',1839582);
INSERT INTO files VALUES(5,2,'attachments/EDUV7fSkTgegoWkqEHVYAvCNJQDJPXLJjE6DEPhr.png','2025-08-20 20:28:59','2025-08-20 20:28:59','design_2_1755422828591.jpg',1666828);
INSERT INTO files VALUES(6,2,'attachments/C9ygxk6yh5Ozf0fHYVHWUhXUOTJB4C5H6htS5hrv.png','2025-08-20 20:29:03','2025-08-20 20:29:03','design_1_1755422825900.jpg',1839582);
INSERT INTO files VALUES(7,2,'attachments/Am1fywAMOB8tyMqpjWKOLyoBftADyCG3ImHjCSvf.png','2025-08-20 22:17:25','2025-08-20 22:17:25','design_2_1755422828591.jpg',1666828);
INSERT INTO files VALUES(8,2,'attachments/iuhgPN0RkgxIQYhk1LvzD8DQxja8mN4fGd4Mgfct.jpg','2025-08-20 22:17:32','2025-08-20 22:17:32','2025-08-17 01.34.15.jpg',77443);
CREATE TABLE IF NOT EXISTS "order_attachments" ("id" integer primary key autoincrement not null, "order_id" integer not null, "file_id" integer not null, "created_at" datetime, "updated_at" datetime, foreign key("file_id") references "files"("id") on delete cascade on update cascade, foreign key("order_id") references "orders"("id") on delete cascade);
INSERT INTO order_attachments VALUES(1,1,1,'2025-08-20 17:01:48','2025-08-20 17:01:48');
INSERT INTO order_attachments VALUES(2,1,2,'2025-08-20 17:01:48','2025-08-20 17:01:48');
INSERT INTO order_attachments VALUES(3,2,3,'2025-08-20 19:47:53','2025-08-20 19:47:53');
INSERT INTO order_attachments VALUES(4,2,4,'2025-08-20 19:47:53','2025-08-20 19:47:53');
INSERT INTO order_attachments VALUES(5,3,5,'2025-08-20 20:29:04','2025-08-20 20:29:04');
INSERT INTO order_attachments VALUES(6,3,6,'2025-08-20 20:29:04','2025-08-20 20:29:04');
INSERT INTO order_attachments VALUES(7,4,7,'2025-08-20 22:17:34','2025-08-20 22:17:34');
INSERT INTO order_attachments VALUES(8,4,8,'2025-08-20 22:17:34','2025-08-20 22:17:34');
CREATE TABLE IF NOT EXISTS "order_responses" ("id" integer primary key autoincrement not null, "order_id" integer not null, "executor_id" integer not null, "status" integer not null default '0', "created_at" datetime, "updated_at" datetime, foreign key("order_id") references "orders"("id") on delete cascade on update cascade, foreign key("executor_id") references "users"("id") on delete cascade on update cascade);
INSERT INTO order_responses VALUES(2,2,4,4,'2025-08-20 19:48:37','2025-08-20 19:50:23');
INSERT INTO order_responses VALUES(3,3,4,1,'2025-08-20 20:29:53','2025-08-20 20:50:08');
INSERT INTO order_responses VALUES(4,3,3,0,'2025-08-20 20:56:59','2025-08-20 20:56:59');
CREATE TABLE IF NOT EXISTS "user_works" ("id" integer primary key autoincrement not null, "user_id" integer not null, "direction" varchar not null, "type" varchar not null, "created_at" datetime, "updated_at" datetime);
INSERT INTO user_works VALUES(1,4,'repair_and_construction','turnkey_renovation','2025-08-20 15:30:29','2025-08-20 15:30:29');
INSERT INTO user_works VALUES(2,3,'repair_and_construction','turnkey_renovation','2025-08-20 20:55:46','2025-08-20 20:55:46');
INSERT INTO user_works VALUES(3,3,'repair_and_construction','ceilings','2025-08-20 20:55:46','2025-08-20 20:55:46');
INSERT INTO user_works VALUES(4,3,'repair_and_construction','installation_and_repair_of_doors_locks','2025-08-20 20:55:46','2025-08-20 20:55:46');
INSERT INTO user_works VALUES(5,3,'architecture_interior_landscape','architecture_interior_landscape','2025-08-20 20:55:46','2025-08-20 20:55:46');
INSERT INTO user_works VALUES(6,3,'cleaning','maintenance_cleaning','2025-08-20 20:55:46','2025-08-20 20:55:46');
INSERT INTO user_works VALUES(7,3,'cleaning','dry_cleaning','2025-08-20 20:55:46','2025-08-20 20:55:46');
CREATE TABLE IF NOT EXISTS "banners" ("id" integer primary key autoincrement not null, "description" text, "created_at" datetime, "updated_at" datetime, "priority" integer not null default '0', "for_whom" integer not null, "status" integer not null default '0', "image_id" integer not null, foreign key("image_id") references "files"("id") on delete cascade on update cascade);
CREATE TABLE IF NOT EXISTS "subscriptions" ("id" integer primary key autoincrement not null, "user_id" integer not null, "type" varchar not null, "stripe_id" varchar not null, "stripe_status" varchar not null, "stripe_price" varchar, "quantity" integer, "trial_ends_at" datetime, "ends_at" datetime, "created_at" datetime, "updated_at" datetime);
CREATE TABLE IF NOT EXISTS "subscription_items" ("id" integer primary key autoincrement not null, "subscription_id" integer not null, "stripe_id" varchar not null, "stripe_product" varchar not null, "stripe_price" varchar not null, "quantity" integer, "created_at" datetime, "updated_at" datetime);
CREATE TABLE IF NOT EXISTS "tariffs" ("id" integer primary key autoincrement not null, "name" varchar not null, "stripe_product_id" varchar, "stripe_price_id" varchar, "duration_days" integer not null, "max_orders" integer not null, "max_contacts" integer not null, "price" numeric not null, "is_active" tinyint(1) not null default '1', "created_at" datetime, "updated_at" datetime, "is_test" tinyint(1) not null default '0');
INSERT INTO tariffs VALUES(1,'Free',NULL,NULL,0,0,0,0,1,'2025-08-20 13:17:42','2025-08-20 13:17:42',0);
INSERT INTO tariffs VALUES(2,'Premium','prod_Su49oaIHhGM9nK','price_1RyG194JSG6EIxilxfSCPCl1',30,2,30,100,1,'2025-08-20 17:41:47','2025-08-20 17:41:47',0);
CREATE TABLE IF NOT EXISTS "executor_portfolios" ("id" integer primary key autoincrement not null, "user_id" integer not null, "name" varchar not null, "file_id" integer, "created_at" datetime, "updated_at" datetime, "description" text, "type" varchar check ("type" in ('media', 'link')) not null default 'media', "external_url" varchar, foreign key("file_id") references files("id") on delete cascade on update cascade, foreign key("user_id") references users("id") on delete cascade on update cascade);
CREATE TABLE IF NOT EXISTS "executor_portfolio_files" ("id" integer primary key autoincrement not null, "portfolio_id" integer not null, "file_id" integer not null, "sort_order" integer not null default '0', "created_at" datetime, "updated_at" datetime, foreign key("portfolio_id") references "executor_portfolios"("id") on delete cascade on update cascade, foreign key("file_id") references "files"("id") on delete cascade on update cascade);
CREATE TABLE IF NOT EXISTS "wallet_transactions" ("id" integer primary key autoincrement not null, "user_id" integer not null, "type" varchar not null, "amount" integer not null, "balance_before" integer not null, "balance_after" integer not null, "currency" varchar not null default 'aed', "stripe_payment_intent_id" varchar, "stripe_session_id" varchar, "meta" text, "created_at" datetime, "updated_at" datetime, foreign key("user_id") references "users"("id") on delete cascade);
INSERT INTO wallet_transactions VALUES(1,4,'subscription_payment',0,0,0,'aed',NULL,'cs_test_a17TGiaKJTgsVyAIg3e33HHs5bhlGys2fb5MzrE1q0237s3DI7XFBaedjA','{"tariff_id":1,"tariff_name":"Free","duration_days":0,"is_test":0,"transaction_type":"subscription_purchase"}','2025-08-20 17:43:02','2025-08-20 17:43:02');
INSERT INTO wallet_transactions VALUES(2,4,'subscription_payment',0,0,0,'aed',NULL,'cs_test_a1I8AGP7gzJw1cjummv6QotHrYgZHbQAXOnetLUP3xRgKZ5mdBoqYVulDR','{"tariff_id":1,"tariff_name":"Free","duration_days":0,"is_test":0,"transaction_type":"subscription_purchase"}','2025-08-20 17:45:56','2025-08-20 17:45:56');
INSERT INTO wallet_transactions VALUES(3,4,'subscription_payment',0,0,0,'aed',NULL,'cs_test_a1PnM7Jzkqx92nnlqNWXiwyntaHVrVBpX55v45fhqUO2oWLb6h4fTJ2z96','{"tariff_id":1,"tariff_name":"Free","duration_days":0,"is_test":0,"transaction_type":"subscription_purchase"}','2025-08-20 17:48:23','2025-08-20 17:48:23');
INSERT INTO wallet_transactions VALUES(4,4,'subscription_payment',0,0,0,'aed',NULL,'cs_test_a13v045E8rdORa6gwrJerT0rLBp2j3o9kYy3KGreUbX1qniuJF8Qq0oS37','{"tariff_id":1,"tariff_name":"Free","duration_days":0,"is_test":0,"transaction_type":"subscription_purchase"}','2025-08-20 17:52:27','2025-08-20 17:52:27');
INSERT INTO wallet_transactions VALUES(5,4,'subscription_payment',0,0,0,'aed',NULL,'cs_test_a1N0gGkaytuB5QOVtakGa6bXLXttrbv3ZIKJ3rxk6bnOHYxoBGmm1FeJY4','{"tariff_id":1,"tariff_name":"Free","duration_days":0,"is_test":0,"transaction_type":"subscription_purchase"}','2025-08-20 18:03:37','2025-08-20 18:03:37');
CREATE TABLE IF NOT EXISTS "complaints" ("id" integer primary key autoincrement not null, "complainant_id" integer not null, "reported_user_id" integer not null, "order_id" integer, "reason" varchar not null, "comment" text, "status" varchar check ("status" in ('pending', 'reviewing', 'resolved', 'rejected')) not null default 'pending', "admin_comment" text, "reviewed_at" datetime, "created_at" datetime, "updated_at" datetime, foreign key("complainant_id") references "users"("id") on delete cascade, foreign key("reported_user_id") references "users"("id") on delete cascade, foreign key("order_id") references "orders"("id") on delete cascade);
CREATE TABLE IF NOT EXISTS "customer_reviews" ("id" integer primary key autoincrement not null, "order_id" integer not null, "customer_id" integer not null, "executor_id" integer not null, "rating" integer not null, "comment" text, "created_at" datetime, "updated_at" datetime, foreign key("order_id") references "orders"("id") on delete cascade, foreign key("customer_id") references "users"("id") on delete cascade, foreign key("executor_id") references "users"("id") on delete cascade);
CREATE TABLE IF NOT EXISTS "admin_notifications" ("id" integer primary key autoincrement not null, "title" varchar not null, "message" text not null, "type" varchar not null default 'info', "data" text, "read_at" datetime, "admin_id" integer not null, "related_model_type" varchar, "related_model_id" integer, "created_at" datetime, "updated_at" datetime, foreign key("admin_id") references "users"("id") on delete cascade);
INSERT INTO admin_notifications VALUES(1,'New License for Verification','Executor Anton uploaded a license for verification','license_verification','"{\"executor_id\":4,\"executor_name\":\"Anton\",\"executor_email\":\"antony12125@gmail.com\"}"','2025-08-20 15:36:22',1,NULL,NULL,'2025-08-20 15:30:30','2025-08-20 15:36:22');
INSERT INTO admin_notifications VALUES(2,'License Approved','License of executor Anton was approved','license_approved','"{\"executor_id\":4,\"executor_name\":\"Anton\",\"executor_email\":\"antony12125@gmail.com\",\"verification_comment\":\"License approved by administrator\",\"verified_at\":\"2025-08-20T15:30:48.000000Z\"}"','2025-08-20 15:36:22',1,NULL,NULL,'2025-08-20 15:30:48','2025-08-20 15:36:22');
INSERT INTO admin_notifications VALUES(3,'Новый заказ создан','Создан новый заказ "Test" от пользователя Тестовый Заказчик','new_order','{"order_id":1,"author_name":"\u0422\u0435\u0441\u0442\u043e\u0432\u044b\u0439 \u0417\u0430\u043a\u0430\u0437\u0447\u0438\u043a","max_amount":55555}','2025-08-20 17:46:54',1,'App\Models\Order',1,'2025-08-20 17:01:48','2025-08-20 17:46:54');
INSERT INTO admin_notifications VALUES(4,'Новый заказ создан','Создан новый заказ "Test 1" от пользователя Тестовый Заказчик','new_order','{"order_id":2,"author_name":"\u0422\u0435\u0441\u0442\u043e\u0432\u044b\u0439 \u0417\u0430\u043a\u0430\u0437\u0447\u0438\u043a","max_amount":5555}',NULL,1,'App\Models\Order',2,'2025-08-20 19:47:53','2025-08-20 19:47:53');
INSERT INTO admin_notifications VALUES(5,'Новый заказ создан','Создан новый заказ "Test 2" от пользователя Тестовый Заказчик','new_order','{"order_id":3,"author_name":"\u0422\u0435\u0441\u0442\u043e\u0432\u044b\u0439 \u0417\u0430\u043a\u0430\u0437\u0447\u0438\u043a","max_amount":5555}',NULL,1,'App\Models\Order',3,'2025-08-20 20:29:04','2025-08-20 20:29:04');
INSERT INTO admin_notifications VALUES(6,'New License for Verification','Executor Тестовый Исполнитель uploaded a license for verification','license_verification','"{\"executor_id\":3,\"executor_name\":\"\\u0422\\u0435\\u0441\\u0442\\u043e\\u0432\\u044b\\u0439 \\u0418\\u0441\\u043f\\u043e\\u043b\\u043d\\u0438\\u0442\\u0435\\u043b\\u044c\",\"executor_email\":\"executor@test.com\"}"',NULL,1,NULL,NULL,'2025-08-20 20:56:19','2025-08-20 20:56:19');
INSERT INTO admin_notifications VALUES(7,'License Approved','License of executor Тестовый Исполнитель was approved','license_approved','"{\"executor_id\":3,\"executor_name\":\"\\u0422\\u0435\\u0441\\u0442\\u043e\\u0432\\u044b\\u0439 \\u0418\\u0441\\u043f\\u043e\\u043b\\u043d\\u0438\\u0442\\u0435\\u043b\\u044c\",\"executor_email\":\"executor@test.com\",\"verification_comment\":\"License approved by administrator\",\"verified_at\":\"2025-08-20T20:56:31.000000Z\"}"',NULL,1,NULL,NULL,'2025-08-20 20:56:31','2025-08-20 20:56:31');
INSERT INTO admin_notifications VALUES(8,'Новый заказ создан','Создан новый заказ "Test 3" от пользователя Тестовый Заказчик','new_order','{"order_id":4,"author_name":"\u0422\u0435\u0441\u0442\u043e\u0432\u044b\u0439 \u0417\u0430\u043a\u0430\u0437\u0447\u0438\u043a","max_amount":55555}',NULL,1,'App\Models\Order',4,'2025-08-20 22:17:34','2025-08-20 22:17:34');
CREATE TABLE IF NOT EXISTS "mediator_transactions" ("id" integer primary key autoincrement not null, "mediator_id" integer not null, "order_id" integer not null, "commission_amount" numeric not null, "status" varchar check ("status" in ('pending', 'completed', 'cancelled', 'failed')) not null default 'pending', "type" varchar check ("type" in ('commission', 'bonus', 'penalty', 'withdrawal')) not null default 'commission', "processed_at" datetime, "notes" text, "created_at" datetime, "updated_at" datetime, foreign key("mediator_id") references "users"("id") on delete cascade, foreign key("order_id") references "orders"("id") on delete cascade);
CREATE TABLE IF NOT EXISTS "work_directions" ("id" integer primary key autoincrement not null, "key" varchar not null, "name" text not null, "description" text, "icon" varchar, "sort_order" integer not null default '0', "is_active" tinyint(1) not null default '1', "created_at" datetime, "updated_at" datetime);
INSERT INTO work_directions VALUES(1,'repair_and_construction','{"en":"Repair and construction","ar":"\u0627\u0644\u0625\u0635\u0644\u0627\u062d \u0648\u0627\u0644\u0628\u0646\u0627\u0621"}','All types of repair and construction work','hammer',1,1,'2025-08-20 13:17:37','2025-08-20 13:17:37');
INSERT INTO work_directions VALUES(2,'interior_design','{"en":"Interior design","ar":"\u0627\u0644\u062a\u0635\u0645\u064a\u0645 \u0627\u0644\u062f\u0627\u062e\u0644\u064a"}','Interior design services','palette',2,1,'2025-08-20 13:17:37','2025-08-20 13:17:37');
INSERT INTO work_directions VALUES(3,'architecture_interior_landscape','{"en":"Architecture, interior, landscape","ar":"\u0627\u0644\u0647\u0646\u062f\u0633\u0629 \u0627\u0644\u0645\u0639\u0645\u0627\u0631\u064a\u0629 \u0648\u0627\u0644\u062f\u0627\u062e\u0644\u064a\u0629 \u0648\u0627\u0644\u0645\u0646\u0627\u0638\u0631 \u0627\u0644\u0637\u0628\u064a\u0639\u064a\u0629"}','Architecture and landscape design','building',3,1,'2025-08-20 13:17:37','2025-08-20 13:17:37');
INSERT INTO work_directions VALUES(4,'cleaning','{"en":"Cleaning","ar":"\u0627\u0644\u062a\u0646\u0638\u064a\u0641"}','All types of cleaning services','broom',4,1,'2025-08-20 13:17:37','2025-08-20 13:17:37');
CREATE TABLE IF NOT EXISTS "work_types" ("id" integer primary key autoincrement not null, "work_direction_id" integer not null, "key" varchar not null, "name" text not null, "description" text, "icon" varchar, "sort_order" integer not null default '0', "is_active" tinyint(1) not null default '1', "created_at" datetime, "updated_at" datetime, foreign key("work_direction_id") references "work_directions"("id") on delete cascade);
INSERT INTO work_types VALUES(1,1,'turnkey_renovation','{"en":"Turnkey renovation","ar":"\u062a\u062c\u062f\u064a\u062f \u062a\u0633\u0644\u064a\u0645 \u0645\u0641\u062a\u0627\u062d"}',NULL,NULL,1,1,'2025-08-20 13:17:37','2025-08-20 13:17:37');
INSERT INTO work_types VALUES(2,1,'renovation_of_one_room','{"en":"Renovation of one room","ar":"\u062a\u062c\u062f\u064a\u062f \u063a\u0631\u0641\u0629 \u0648\u0627\u062d\u062f\u0629"}',NULL,NULL,2,1,'2025-08-20 13:17:37','2025-08-20 13:17:37');
INSERT INTO work_types VALUES(3,1,'bathroom_renovation','{"en":"Bathroom renovation","ar":"\u062a\u062c\u062f\u064a\u062f \u0627\u0644\u062d\u0645\u0627\u0645"}',NULL,NULL,3,1,'2025-08-20 13:17:37','2025-08-20 13:17:37');
INSERT INTO work_types VALUES(4,1,'handyman_by_hour','{"en":"Handyman by the hour","ar":"\u0639\u0627\u0645\u0644 \u0645\u0627\u0647\u0631 \u0628\u0627\u0644\u0633\u0627\u0639\u0629"}',NULL,NULL,4,1,'2025-08-20 13:17:37','2025-08-20 13:17:37');
INSERT INTO work_types VALUES(5,1,'ceilings','{"en":"Ceilings","ar":"\u0627\u0644\u0623\u0633\u0642\u0641"}',NULL,NULL,5,1,'2025-08-20 13:17:37','2025-08-20 13:17:37');
INSERT INTO work_types VALUES(6,1,'floors','{"en":"Floors","ar":"\u0627\u0644\u0623\u0631\u0636\u064a\u0627\u062a"}',NULL,NULL,6,1,'2025-08-20 13:17:37','2025-08-20 13:17:37');
INSERT INTO work_types VALUES(7,1,'tiling','{"en":"Tiling","ar":"\u0627\u0644\u0628\u0644\u0627\u0637"}',NULL,NULL,7,1,'2025-08-20 13:17:37','2025-08-20 13:17:37');
INSERT INTO work_types VALUES(8,1,'furniture_assembly_and_repair','{"en":"Furniture assembly and repair","ar":"\u062a\u062c\u0645\u064a\u0639 \u0648\u0625\u0635\u0644\u0627\u062d \u0627\u0644\u0623\u062b\u0627\u062b"}',NULL,NULL,8,1,'2025-08-20 13:17:37','2025-08-20 13:17:37');
INSERT INTO work_types VALUES(9,1,'installation_and_repair_of_doors_locks','{"en":"Installation and repair of doors, locks","ar":"\u062a\u0631\u0643\u064a\u0628 \u0648\u0625\u0635\u0644\u0627\u062d \u0627\u0644\u0623\u0628\u0648\u0627\u0628 \u0648\u0627\u0644\u0623\u0642\u0641\u0627\u0644"}',NULL,NULL,9,1,'2025-08-20 13:17:37','2025-08-20 13:17:37');
INSERT INTO work_types VALUES(10,1,'windows_glazing_balconies','{"en":"Windows, glazing, balconies","ar":"\u0627\u0644\u0646\u0648\u0627\u0641\u0630 \u0648\u0627\u0644\u0632\u062c\u0627\u062c \u0648\u0627\u0644\u0634\u0631\u0641\u0627\u062a"}',NULL,NULL,10,1,'2025-08-20 13:17:37','2025-08-20 13:17:37');
INSERT INTO work_types VALUES(11,1,'roofing_and_facade_works','{"en":"Roofing and facade works","ar":"\u0623\u0639\u0645\u0627\u0644 \u0627\u0644\u0623\u0633\u0642\u0641 \u0648\u0627\u0644\u0648\u0627\u062c\u0647\u0627\u062a"}',NULL,NULL,11,1,'2025-08-20 13:17:37','2025-08-20 13:17:37');
INSERT INTO work_types VALUES(12,1,'heating_water_supply_sewerage','{"en":"Heating, water supply, sewerage","ar":"\u0627\u0644\u062a\u062f\u0641\u0626\u0629 \u0648\u0625\u0645\u062f\u0627\u062f\u0627\u062a \u0627\u0644\u0645\u064a\u0627\u0647 \u0648\u0627\u0644\u0635\u0631\u0641 \u0627\u0644\u0635\u062d\u064a"}',NULL,NULL,12,1,'2025-08-20 13:17:37','2025-08-20 13:17:37');
INSERT INTO work_types VALUES(13,1,'insulation_works','{"en":"Insulation works","ar":"\u0623\u0639\u0645\u0627\u0644 \u0627\u0644\u0639\u0632\u0644"}',NULL,NULL,13,1,'2025-08-20 13:17:37','2025-08-20 13:17:37');
INSERT INTO work_types VALUES(14,1,'building_and_assembly_works','{"en":"Building and assembly works","ar":"\u0623\u0639\u0645\u0627\u0644 \u0627\u0644\u0628\u0646\u0627\u0621 \u0648\u0627\u0644\u062a\u062c\u0645\u064a\u0639"}',NULL,NULL,14,1,'2025-08-20 13:17:37','2025-08-20 13:17:37');
INSERT INTO work_types VALUES(15,1,'large_scale_construction','{"en":"Large-scale construction","ar":"\u0627\u0644\u0628\u0646\u0627\u0621 \u0648\u0627\u0633\u0639 \u0627\u0644\u0646\u0637\u0627\u0642"}',NULL,NULL,15,1,'2025-08-20 13:17:37','2025-08-20 13:17:37');
INSERT INTO work_types VALUES(16,1,'security_systems','{"en":"Security systems","ar":"\u0623\u0646\u0638\u0645\u0629 \u0627\u0644\u0623\u0645\u0627\u0646"}',NULL,NULL,16,1,'2025-08-20 13:17:37','2025-08-20 13:17:37');
INSERT INTO work_types VALUES(17,1,'lock_opening','{"en":"Lock opening","ar":"\u0641\u062a\u062d \u0627\u0644\u0623\u0642\u0641\u0627\u0644"}',NULL,NULL,17,1,'2025-08-20 13:17:37','2025-08-20 13:17:37');
INSERT INTO work_types VALUES(18,1,'finishing_works','{"en":"Finishing works","ar":"\u0623\u0639\u0645\u0627\u0644 \u0627\u0644\u062a\u0634\u0637\u064a\u0628"}',NULL,NULL,18,1,'2025-08-20 13:17:37','2025-08-20 13:17:37');
INSERT INTO work_types VALUES(19,1,'plumbing_works','{"en":"Plumbing works","ar":"\u0623\u0639\u0645\u0627\u0644 \u0627\u0644\u0633\u0628\u0627\u0643\u0629"}',NULL,NULL,19,1,'2025-08-20 13:17:37','2025-08-20 13:17:37');
INSERT INTO work_types VALUES(20,1,'electrical_works','{"en":"Electrical works","ar":"\u0627\u0644\u0623\u0639\u0645\u0627\u0644 \u0627\u0644\u0643\u0647\u0631\u0628\u0627\u0626\u064a\u0629"}',NULL,NULL,20,1,'2025-08-20 13:17:37','2025-08-20 13:17:37');
INSERT INTO work_types VALUES(21,1,'repair_and_maintenance_of_air_conditioners','{"en":"Repair and maintenance of air conditioners","ar":"\u0625\u0635\u0644\u0627\u062d \u0648\u0635\u064a\u0627\u0646\u0629 \u0645\u0643\u064a\u0641\u0627\u062a \u0627\u0644\u0647\u0648\u0627\u0621"}',NULL,NULL,21,1,'2025-08-20 13:17:37','2025-08-20 13:17:37');
INSERT INTO work_types VALUES(22,1,'other_repair_and_construction','{"en":"Other repair and construction","ar":"\u0625\u0635\u0644\u0627\u062d \u0648\u0628\u0646\u0627\u0621 \u0623\u062e\u0631\u0649"}',NULL,NULL,22,1,'2025-08-20 13:17:37','2025-08-20 13:17:37');
INSERT INTO work_types VALUES(23,2,'interior_design','{"en":"Interior design","ar":"\u0627\u0644\u062a\u0635\u0645\u064a\u0645 \u0627\u0644\u062f\u0627\u062e\u0644\u064a"}',NULL,NULL,1,1,'2025-08-20 13:17:37','2025-08-20 13:17:37');
INSERT INTO work_types VALUES(24,3,'architecture_interior_landscape','{"en":"Architecture, interior, landscape","ar":"\u0627\u0644\u0647\u0646\u062f\u0633\u0629 \u0627\u0644\u0645\u0639\u0645\u0627\u0631\u064a\u0629 \u0648\u0627\u0644\u062f\u0627\u062e\u0644\u064a\u0629 \u0648\u0627\u0644\u0645\u0646\u0627\u0638\u0631 \u0627\u0644\u0637\u0628\u064a\u0639\u064a\u0629"}',NULL,NULL,1,1,'2025-08-20 13:17:37','2025-08-20 13:17:37');
INSERT INTO work_types VALUES(25,4,'maintenance_cleaning','{"en":"Maintenance cleaning","ar":"\u062a\u0646\u0638\u064a\u0641 \u0627\u0644\u0635\u064a\u0627\u0646\u0629"}',NULL,NULL,1,1,'2025-08-20 13:17:37','2025-08-20 13:17:37');
INSERT INTO work_types VALUES(26,4,'general_cleaning','{"en":"General cleaning","ar":"\u0627\u0644\u062a\u0646\u0638\u064a\u0641 \u0627\u0644\u0639\u0627\u0645"}',NULL,NULL,2,1,'2025-08-20 13:17:37','2025-08-20 13:17:37');
INSERT INTO work_types VALUES(27,4,'window_washing','{"en":"Window washing","ar":"\u063a\u0633\u064a\u0644 \u0627\u0644\u0646\u0648\u0627\u0641\u0630"}',NULL,NULL,3,1,'2025-08-20 13:17:37','2025-08-20 13:17:37');
INSERT INTO work_types VALUES(28,4,'taking_out_trash','{"en":"Taking out trash","ar":"\u0625\u062e\u0631\u0627\u062c \u0627\u0644\u0642\u0645\u0627\u0645\u0629"}',NULL,NULL,4,1,'2025-08-20 13:17:37','2025-08-20 13:17:37');
INSERT INTO work_types VALUES(29,4,'ironing','{"en":"Ironing","ar":"\u0627\u0644\u0643\u064a"}',NULL,NULL,5,1,'2025-08-20 13:17:37','2025-08-20 13:17:37');
INSERT INTO work_types VALUES(30,4,'dry_cleaning','{"en":"Dry cleaning","ar":"\u0627\u0644\u062a\u0646\u0638\u064a\u0641 \u0627\u0644\u062c\u0627\u0641"}',NULL,NULL,6,1,'2025-08-20 13:17:37','2025-08-20 13:17:37');
INSERT INTO work_types VALUES(31,4,'work_in_garden_vegetable_garden_allotment','{"en":"Work in garden, vegetable garden, allotment","ar":"\u0627\u0644\u0639\u0645\u0644 \u0641\u064a \u0627\u0644\u062d\u062f\u064a\u0642\u0629 \u0648\u062d\u062f\u064a\u0642\u0629 \u0627\u0644\u062e\u0636\u0631\u0648\u0627\u062a \u0648\u0627\u0644\u0645\u062e\u0635\u0635\u0627\u062a"}',NULL,NULL,7,1,'2025-08-20 13:17:37','2025-08-20 13:17:37');
INSERT INTO work_types VALUES(32,4,'other_cleaning','{"en":"Other cleaning","ar":"\u062a\u0646\u0638\u064a\u0641 \u0623\u062e\u0631\u0649"}',NULL,NULL,8,1,'2025-08-20 13:17:37','2025-08-20 13:17:37');
CREATE TABLE IF NOT EXISTS "executor_reviews" ("id" integer primary key autoincrement not null, "order_id" integer not null, "customer_id" integer not null, "executor_id" integer not null, "quality_rating" integer not null default ('0'), "speed_rating" integer not null default ('0'), "communication_rating" integer not null default ('0'), "overall_rating" integer not null default ('0'), "comment" text, "created_at" datetime, "updated_at" datetime, "rating" integer, "text" text, "author_id" integer not null, foreign key("executor_id") references users("id") on delete cascade on update no action, foreign key("customer_id") references users("id") on delete cascade on update no action, foreign key("order_id") references orders("id") on delete cascade on update no action, foreign key("author_id") references "users"("id") on delete cascade);
CREATE TABLE IF NOT EXISTS "mediator_order_steps" ("id" integer primary key autoincrement not null, "order_id" integer not null, "mediator_id" integer not null, "step" integer not null, "status" varchar not null default 'active', "notes" text, "data" text, "started_at" datetime, "completed_at" datetime, "created_at" datetime, "updated_at" datetime, foreign key("order_id") references "orders"("id") on delete cascade, foreign key("mediator_id") references "users"("id") on delete cascade);
CREATE TABLE IF NOT EXISTS "design_image_generations" ("id" integer primary key autoincrement not null, "generation_id" varchar not null, "user_id" integer, "design_content" text not null, "description" text not null, "room_type" text not null, "style" text not null, "image_count" integer not null default '2', "status" varchar check ("status" in ('pending', 'processing', 'completed', 'failed')) not null default 'pending', "images" text, "error_message" text, "started_at" datetime, "completed_at" datetime, "created_at" datetime, "updated_at" datetime, foreign key("user_id") references "users"("id") on delete set null);
INSERT INTO design_image_generations VALUES(1,'dc3a1aee-a38b-44d2-9a48-fb2106916196',2,replace('**1. Color Scheme:**\n\nBedroom: \n- Primary colors: Warm Oak (#BD9E70) and Neutral White (#F6F6F6). \n- Accent colors: Black (#000000), Metallic Copper (#6D4E46), and Dusty Rose (#DCA5A4).\n\nBathroom:\n- Primary colors: White (#FFFFFF) and Misty Grey (#AFB1B4).\n- Accent colors: Black (#000000) and Metallic Silver (#C0C0C0).\n\n**2. Layout Suggestions:**\n\nBedroom:\n- Place a king-size bed against the main wall. \n- Install floating shelves on either side of the bed for nightstands.\n- Position a comfortable armchair and floor lamp in a corner for a reading nook.\n- Leave ample space for a walk-in closet and vanity area.\n\nBathroom:\n- Arrange a free-standing bathtub under a window if possible.\n- Position the sink and vanity opposite the bathtub.\n- Allocate a separate area for the shower and toilet for privacy.\n\n**3. Material Recommendations:**\n\nBedroom:\n- Flooring: Parquet flooring in Warm Oak.\n- Walls: Neutral white paint with one accent wall in Warm Oak.\n\nBathroom:\n- Flooring: Slip-resistant porcelain tiles in Misty Grey.\n- Walls: White ceramic tiles with silver accents.\n\n**4. Furniture List:**\n\nBedroom:\n- King-size bed: 8,000 AED\n- Floating shelves: 1,000 AED\n- Armchair: 3,000 AED\n- Floor lamp: 1,500 AED\n- Vanity set: 5,000 AED\n\nBathroom:\n- Free-standing bathtub: 12,000 AED\n- Sink and vanity: 6,000 AED\n- Shower set: 4,000 AED\n- Toilet: 3,000 AED\n\n**5. Lighting Plan:**\n\nBedroom:\n- Install recessed lighting in the ceiling for overall illumination.\n- Use bedside lamps for task lighting.\n- Add a pendant light over the vanity for accent lighting.\n\nBathroom:\n- Use vanity lights for task lighting.\n- Install recessed lighting in the shower area.\n- Add a chandelier over the bathtub for a touch of luxury.\n\n**6. Decor Elements:**\n\nBedroom:\n- Use metallic copper accents for the hardware.\n- Hang a large mirror over the vanity.\n- Add a large area rug in Dusty Rose.\n\nBathroom:\n- Use metallic silver accents for the hardware.\n- Hang a framed piece of minimalist art.\n- Add fluffy white towels and bath mats.\n\n**7. Shopping List:**\n\nAll items can be sourced locally from stores like Marina Home, Crate and Barrel, and IKEA. \n\n**8. Timeline:**\n\nExpect the project to take 2-3 months to complete - 1 month for planning and ordering materials, and 1-2 months for the actual renovation. Remember to allow extra time for any unforeseen delays. \n\nThis plan respects the local climate by using materials that are suitable for Dubai''s hot and humid conditions. The color scheme and style are also in line with the classic, industrial aesthetic popular in the UAE. The budget has been respected, with the total coming in under the 100,000 AED limit.','\n',char(10)),'iaosfioajsf','["bedroom","bathroom"]','["classic","industrial"]',2,'completed','[{"url":"https:\/\/oaidalleapiprodscus.blob.core.windows.net\/private\/org-ilhWWDzx0WN6WdBJ9SUU5Xsl\/user-t1vqMPzgD9oUSWDBmz7H0TI0\/img-HsaVci1Zc8i7JhZzDBIlKyLh.png?st=2025-08-20T15%3A31%3A16Z&se=2025-08-20T17%3A31%3A16Z&sp=r&sv=2024-08-04&sr=b&rscd=inline&rsct=image\/png&skoid=b1a0ae1f-618f-4548-84fd-8b16cacd5485&sktid=a48cca56-e6da-484e-a814-9c849652bcb3&skt=2025-08-20T08%3A24%3A22Z&ske=2025-08-21T08%3A24%3A22Z&sks=b&skv=2024-08-04&sig=cKhjXDAmuJJIg75RsSPmLGrF%2BH5W\/89k1axVErG2ozA%3D","prompt":"Wide angle view, A beautiful classic and industrial bedroom, bathroom interior design in Dubai, UAE. High-quality architectural visualization with natural daylight. Clean, elegant space with attention to detail. Photorealistic rendering, interior design photography style. Luxurious finishes suitable for Dubai market. ","index":1},{"url":"https:\/\/oaidalleapiprodscus.blob.core.windows.net\/private\/org-ilhWWDzx0WN6WdBJ9SUU5Xsl\/user-t1vqMPzgD9oUSWDBmz7H0TI0\/img-0239RtPbcEkHREOdNcZatXPs.png?st=2025-08-20T15%3A31%3A34Z&se=2025-08-20T17%3A31%3A34Z&sp=r&sv=2024-08-04&sr=b&rscd=inline&rsct=image\/png&skoid=ed3ea2f9-5e38-44be-9a1b-7c1e65e4d54f&sktid=a48cca56-e6da-484e-a814-9c849652bcb3&skt=2025-08-20T16%3A31%3A34Z&ske=2025-08-21T16%3A31%3A34Z&sks=b&skv=2024-08-04&sig=\/TcbZ4lWvVCwHQtf2QqRRzaD5QRSJscV%2Bgdgf3beh4s%3D","prompt":"Close-up detail shot, A beautiful classic and industrial bedroom, bathroom interior design in Dubai, UAE. High-quality architectural visualization with warm evening lighting. Clean, elegant space with attention to detail. Photorealistic rendering, interior design photography style. Luxurious finishes suitable for Dubai market. ","index":2}]',NULL,'2025-08-20 16:30:41','2025-08-20 16:31:35','2025-08-20 15:48:43','2025-08-20 16:31:35');
INSERT INTO design_image_generations VALUES(2,'ddd0971f-840e-461a-9108-2d99850e5cca',2,replace('**1. Color Scheme**\n\nFor a classic industrial look, let''s mix neutral colors with bold accents. Here''s the specific color palette:\n\n- Base Colors: Benjamin Moore''s "White Dove" (OC-17) for the walls, a warm and soft white that is comforting.\n- Accent Colors: Sherwin William''s "Iron Ore" (SW 7069) for doors, window frames, and trim, a dark gray with a hint of warmth.\n- Secondary Accent: Use tones of copper and rustic brown for accessories.\n\n**2. Layout Suggestions**\n\nBedroom:\n- Place a king-sized bed against the main wall, with bedside tables on either side.\n- Opposite the bed, install a large industrial-style open shelf unit or metal-and-wood bookcase.\n- Allocate a corner for a relaxing reading nook with a comfortable armchair and a floor lamp.\n\nBathroom:\n- Install a standalone bathtub under a large window, if available, for natural light.\n- Opposite the tub, place a vanity unit with double sinks.\n- Enclose the shower area with black-framed glass.\n\n**3. Material Recommendations**\n\nFlooring:\n- Bedroom: Reclaimed wood flooring for a rustic industrial feel.\n- Bathroom: Cement tiles for an industrial look, with underfloor heating for comfort.\n\nWall Finishes:\n- Bedroom: White painted walls with one accent wall using exposed brick wallpaper.\n- Bathroom: White subway tiles for the shower area and half of the walls, with the upper half painted in white.\n\n**4. Furniture List**\n\n- King-sized Bed: Try the "Safina Wing Back Double Ottoman Bed" from Furniture 123. Estimated cost: 5,000 AED.\n- Bedside Tables: "Hemnes" from IKEA. Estimated cost: 600 AED each.\n- Open Shelf Unit: "Fjällbo" from IKEA. Estimated cost: 600 AED.\n- Armchair: "Strandmon" in dark gray from IKEA. Estimated cost: 1,200 AED.\n- Vanity Unit: Try the "Godmorgon/Odensvik" from IKEA. Estimated cost: 2,400 AED.\n- Standalone Bathtub: Try the "Freestanding Bathtub BW-01-L" from Badeloft. Estimated cost: 12,000 AED.\n\n**5. Lighting Plan**\n\n- Bedroom: Install pendant lights with a rustic finish on each side of the bed. Add a large chandelier with an industrial design in the center of the room.\n- Bathroom: Black industrial wall sconces next to the vanity mirror, and recessed ceiling lights for general illumination.\n- Use warm white (3000K) LED bulbs for a cozy atmosphere.\n\n**6. Decor Elements**\n\n- Bedroom: Industrial-style wall art, metallic accents, and a large area rug.\n- Bathroom: Copper bathroom accessories, a large round mirror with a black frame, and a tall indoor plant.\n- Both rooms: Use linen curtains in a neutral color for a soft, textural element.\n\n**7. Shopping List**\n\n- IKEA: Bed, bedside tables, shelf unit, armchair, vanity unit, curtains.\n- ACE Hardware: Paint, wallpaper, tiles, lighting fixtures, bathroom accessories.\n- United Furniture: Area rug, wall art, metallic accents.\n- Plantshop.ae: Indoor plants.\n- Badeloft: Freestanding bathtub.\n\n**8. Timeline**\n\nThis project can be completed within 6-8 weeks. Here''s a suggested timeline:\n\n- Weeks 1-2: Purchase and deliver materials.\n- Weeks 3-4: Paint and install wallpaper, lay the flooring.\n- Weeks 5-6: Assemble and install furniture, install lighting fixtures.\n- Week 7: Add decor elements.\n- Week 8: Final touches and clean-up. \n\nThis plan considers the local climate (e.g. underfloor heating for the cool winter months), local suppliers, and cultural preferences for privacy and luxury. It also combines the classic and industrial styles in a fresh and unique way.','\n',char(10)),'iaosfioajsf','["bedroom","bathroom"]','["classic","industrial"]',2,'completed','[{"url":"https:\/\/oaidalleapiprodscus.blob.core.windows.net\/private\/org-ilhWWDzx0WN6WdBJ9SUU5Xsl\/user-t1vqMPzgD9oUSWDBmz7H0TI0\/img-O6TfACbJEOVTnLkiqJuBUlVr.png?st=2025-08-20T15%3A32%3A09Z&se=2025-08-20T17%3A32%3A09Z&sp=r&sv=2024-08-04&sr=b&rscd=inline&rsct=image\/png&skoid=77e5a8ec-6bd1-4477-8afc-16703a64f029&sktid=a48cca56-e6da-484e-a814-9c849652bcb3&skt=2025-08-20T05%3A49%3A51Z&ske=2025-08-21T05%3A49%3A51Z&sks=b&skv=2024-08-04&sig=sMZZTeVfuakedYEc0D4zopVB\/yX5bVktOq4EH9mqN%2BI%3D","prompt":"Wide angle view, A beautiful classic and industrial bedroom, bathroom interior design in Dubai, UAE. High-quality architectural visualization with natural daylight. Clean, elegant space with attention to detail. Photorealistic rendering, interior design photography style. Luxurious finishes suitable for Dubai market. ","index":1},{"url":"https:\/\/oaidalleapiprodscus.blob.core.windows.net\/private\/org-ilhWWDzx0WN6WdBJ9SUU5Xsl\/user-t1vqMPzgD9oUSWDBmz7H0TI0\/img-OJp98BOfU9khG6uPlbFR3BWL.png?st=2025-08-20T15%3A32%3A27Z&se=2025-08-20T17%3A32%3A27Z&sp=r&sv=2024-08-04&sr=b&rscd=inline&rsct=image\/png&skoid=b1a0ae1f-618f-4548-84fd-8b16cacd5485&sktid=a48cca56-e6da-484e-a814-9c849652bcb3&skt=2025-08-20T11%3A42%3A59Z&ske=2025-08-21T11%3A42%3A59Z&sks=b&skv=2024-08-04&sig=sRrGKiQmvHjEO5y0lGj1aVQhIklzt\/yFFIkkNivo0YM%3D","prompt":"Close-up detail shot, A beautiful classic and industrial bedroom, bathroom interior design in Dubai, UAE. High-quality architectural visualization with warm evening lighting. Clean, elegant space with attention to detail. Photorealistic rendering, interior design photography style. Luxurious finishes suitable for Dubai market. ","index":2}]',NULL,'2025-08-20 16:31:35','2025-08-20 16:32:27','2025-08-20 15:49:56','2025-08-20 16:32:27');
INSERT INTO design_image_generations VALUES(3,'a9042eb6-e5da-4127-937a-4f0fd01f4265',2,replace('**1. Color Scheme:**\nConsidering the modern-industrial style, the primary color palette would comprise neutral tones, such as greys and whites, accented with metallic colors like copper or steel.\n\n- Primary Wall Color: Dulux''s "Dusted Moss 2" [#C9BDAD]\n- Secondary/Accent Wall Color: Dulux''s "Night Jewels 3" [#4D4C4F]\n- Furniture and Accents: Copper, Steel, and Black\n\n**2. Layout Suggestions:**\nFor the bedroom, a queen-sized bed should be placed against the main wall with two bedside tables on either side. A dresser or seating area should be opposite the bed, depending on the available space. The dining room should have a large industrial-style table in the center, with seating for 6-8 people.\n\n**3. Material Recommendations:**\n- Flooring: Polished concrete or grey porcelain tiles for a modern, industrial feel.\n- Walls: Painted in the chosen color scheme. One accent wall in either room could feature exposed brick wallpaper for an industrial touch.\n- Ceiling: Simple plaster with recessed lighting. A high ceiling with exposed beams would complement the industrial style if possible.\n\n**4. Furniture List:**\n- Bedroom: Queen-sized bed (2500 AED), two bedside tables (1000 AED each), wardrobe (3000 AED), seating area or dresser (2000 AED)\n- Dining Room: Industrial-style dining table (3000 AED), 6-8 chairs (500 AED each), sideboard for storage (2500 AED)\n\n**5. Lighting Plan:**\nUse a mix of overhead, ambient, task, and accent lighting. Industrial-style metal pendant lights are perfect for the dining area, while wall sconces or table lamps would work well in the bedroom. Recessed lighting can be used for general ambient lighting.\n\n**6. Decor Elements:**\nHang large, abstract artworks on the walls. Use copper or steel accents wherever possible, such as in the frames of mirrors or artworks. A large, indoor plant can add a touch of freshness to both rooms.\n\n**7. Shopping List:**\nMost items can be found at popular furniture stores like IKEA, Home Centre, and Pan Emirates. For more unique or industrial-style pieces, try visiting Al Quoz''s industrial area or Dragon Mart.\n\n**8. Timeline:**\nOnce all items have been sourced, the entire implementation - including painting, flooring installation, furniture setup, and final touches - can be completed within 3-4 weeks.\n\nFinally, considering Dubai''s hot climate, make sure to choose materials that do not absorb heat and make sure the space has adequate air conditioning. Given the cultural preferences, ensure the design provides enough privacy and space for hosting guests.\n\nPlease note that the above mentioned prices are approximate and may vary depending on the specific products chosen and the store of purchase.\n','\n',char(10)),'uguyguygyugyu','["bedroom","dining_room"]','["modern","industrial"]',2,'completed','[{"url":"https:\/\/oaidalleapiprodscus.blob.core.windows.net\/private\/org-ilhWWDzx0WN6WdBJ9SUU5Xsl\/user-t1vqMPzgD9oUSWDBmz7H0TI0\/img-Num5G8eQsRMqJwjykpEfskQt.png?st=2025-08-20T15%3A32%3A28Z&se=2025-08-20T17%3A32%3A28Z&sp=r&sv=2024-08-04&sr=b&rscd=inline&rsct=image\/png&skoid=cc612491-d948-4d2e-9821-2683df3719f5&sktid=a48cca56-e6da-484e-a814-9c849652bcb3&skt=2025-08-20T09%3A47%3A47Z&ske=2025-08-21T09%3A47%3A47Z&sks=b&skv=2024-08-04&sig=bY4SCiRVFp8vdL9qQAxNjkgZALv3EtGkgYfhxB%2BCbbI%3D","prompt":"Wide angle view, A beautiful modern and industrial bedroom, dining_room interior design in Dubai, UAE. High-quality architectural visualization with natural daylight. Clean, elegant space with attention to detail. Photorealistic rendering, interior design photography style. Luxurious finishes suitable for Dubai market. ","index":1},{"url":"https:\/\/oaidalleapiprodscus.blob.core.windows.net\/private\/org-ilhWWDzx0WN6WdBJ9SUU5Xsl\/user-t1vqMPzgD9oUSWDBmz7H0TI0\/img-zqoACQNUTIxg65gch4y2skaj.png?st=2025-08-20T15%3A32%3A44Z&se=2025-08-20T17%3A32%3A44Z&sp=r&sv=2024-08-04&sr=b&rscd=inline&rsct=image\/png&skoid=f1dafa11-a0c2-4092-91d4-10981fbda051&sktid=a48cca56-e6da-484e-a814-9c849652bcb3&skt=2025-08-19T19%3A02%3A16Z&ske=2025-08-20T19%3A02%3A16Z&sks=b&skv=2024-08-04&sig=kZDSd35NIzuYp6emGN66hAkUVuzNhSPvRqiLJAqT9J0%3D","prompt":"Close-up detail shot, A beautiful modern and industrial bedroom, dining_room interior design in Dubai, UAE. High-quality architectural visualization with warm evening lighting. Clean, elegant space with attention to detail. Photorealistic rendering, interior design photography style. Luxurious finishes suitable for Dubai market. ","index":2}]',NULL,'2025-08-20 16:31:54','2025-08-20 16:32:44','2025-08-20 15:56:04','2025-08-20 16:32:44');
INSERT INTO design_image_generations VALUES(4,'ba3898c2-78df-4a54-9637-1f1c213b64cb',2,replace('**1. Color Scheme:**\nTo embrace the modern industrial style, opt for a neutral color palette with shades of grey, black, and white. Accent these with touches of warm tones like copper or brass. Here are some specific colors:\n\n- Resene Black White (#EDECE6): For the walls, to keep the space bright and open.\n- Dulux Timeless Grey (#D7D8DA): For the ceilings, providing a slight contrast with the walls.\n- Benjamin Moore Iron Mountain (#54524D): For the trim and architectural details. It''s a deep grey almost black that will give a modern and sharp look.\n- Dulux Copper Blush (#BB857A): As an accent color, could be used for cushions, throws, or decor pieces. It adds warmth and contrast to the space.\n\n**2. Layout Suggestions:**\nFor the bedroom, consider a king-size bed against the main wall, flanked by two industrial bedside tables. A slim console table opposite the bed can house a flat-screen TV. A small reading nook by the window could include an armchair and floor lamp. \n\nIn the dining room, a rectangular dining table with bench seating on one side and chairs on the other would work well. A sideboard against one wall can offer storage and a space for food serving. \n\n**3. Material Recommendations:**\nFlooring: Polished concrete flooring would be perfect for the industrial vibe. For a more comfortable touch, add area rugs in the bedroom and under the dining table.\n\nWall Finishes: Exposed brick walls would add to the industrial look. If not achievable, wallpapers that mimic this effect are available.\n\n**4. Furniture List:**\n- King-size industrial bed frame (2000 AED)\n- Pair of bedside tables (1000 AED)\n- Slim console table (750 AED)\n- Armchair (1000 AED)\n- Rectangular dining table (1500 AED)\n- Dining chairs and bench (1500 AED)\n- Sideboard (1000 AED)\n\n**5. Lighting Plan:**\n- Pendant lights with Edison bulbs over the bedside tables and dining table for ambient lighting (500 AED each)\n- Recessed ceiling lights for general lighting (2000 AED)\n- Floor lamp for the reading nook (500 AED)\n\n**6. Decor Elements:**\n- Framed vintage maps or industrial patents as artwork (500 AED each)\n- Copper or brass decorative pieces (500 AED)\n- Faux plants for a touch of greenery (500 AED)\n\n**7. Shopping List:**\nMost items can be found in IKEA, Home Centre, and Pan Emirates. You can also explore local markets for unique decor pieces.\n\n**8. Timeline:**\nThis project can be completed in 4-6 weeks. The first two weeks will be for purchasing and delivering furniture. The third week will be for installing lighting and setting up the furniture. The final week(s) will be for adding decor elements and final touches.\n\nRemember, these are just estimates and actual costs and timelines may vary. Always consider your personal preferences and the functionality of the space.','\n',char(10)),'uguyguygyugyu','["bedroom","dining_room"]','["modern","industrial"]',2,'completed','[{"url":"https:\/\/oaidalleapiprodscus.blob.core.windows.net\/private\/org-ilhWWDzx0WN6WdBJ9SUU5Xsl\/user-t1vqMPzgD9oUSWDBmz7H0TI0\/img-BQk2gm55g577pPRDqV4HENuV.png?st=2025-08-20T15%3A33%3A01Z&se=2025-08-20T17%3A33%3A01Z&sp=r&sv=2024-08-04&sr=b&rscd=inline&rsct=image\/png&skoid=77e5a8ec-6bd1-4477-8afc-16703a64f029&sktid=a48cca56-e6da-484e-a814-9c849652bcb3&skt=2025-08-20T13%3A53%3A19Z&ske=2025-08-21T13%3A53%3A19Z&sks=b&skv=2024-08-04&sig=skGwTGky4Lnpyps2W6i1gjOVtj%2BmSxDu4zo3nzL4SDw%3D","prompt":"Wide angle view, A beautiful modern and industrial bedroom, dining_room interior design in Dubai, UAE. High-quality architectural visualization with natural daylight. Clean, elegant space with attention to detail. Photorealistic rendering, interior design photography style. Luxurious finishes suitable for Dubai market. ","index":1},{"url":"https:\/\/oaidalleapiprodscus.blob.core.windows.net\/private\/org-ilhWWDzx0WN6WdBJ9SUU5Xsl\/user-t1vqMPzgD9oUSWDBmz7H0TI0\/img-QPSlecCCp5FIRR4HS5y5LaWh.png?st=2025-08-20T15%3A33%3A18Z&se=2025-08-20T17%3A33%3A18Z&sp=r&sv=2024-08-04&sr=b&rscd=inline&rsct=image\/png&skoid=77e5a8ec-6bd1-4477-8afc-16703a64f029&sktid=a48cca56-e6da-484e-a814-9c849652bcb3&skt=2025-08-20T14%3A11%3A11Z&ske=2025-08-21T14%3A11%3A11Z&sks=b&skv=2024-08-04&sig=68sP7OBbmd3Y5UERVGpto2UYBmJLnqLUk5zAMrYPl2Q%3D","prompt":"Close-up detail shot, A beautiful modern and industrial bedroom, dining_room interior design in Dubai, UAE. High-quality architectural visualization with warm evening lighting. Clean, elegant space with attention to detail. Photorealistic rendering, interior design photography style. Luxurious finishes suitable for Dubai market. ","index":2}]',NULL,'2025-08-20 16:32:27','2025-08-20 16:33:18','2025-08-20 15:56:51','2025-08-20 16:33:18');
INSERT INTO design_image_generations VALUES(5,'adb1d97c-8eae-445f-8ff0-14c603100d98',2,replace('**1. Color Scheme:** \n\nFor a modern bedroom with white walls in Dubai, we suggest a neutral color palette. \n\n- White: Hex #FFFFFF\n- Light Grey: Hex #D3D3D3\n- Dark Grey: Hex #A9A9A9\n- Beige: Hex #F5F5DC\n- Accents of Gold: Hex #FFD700\n\nThe white walls will help to keep the room feeling fresh and bright, while accents of gold will add a touch of luxury typical in Dubai''s design aesthetic. \n\n**2. Layout Suggestions:**\n\nThe layout should be minimalist and functional. Keep the bed as the central focus, flanked by two bedside tables. Consider a bench at the foot of the bed for added functionality. Use a large area rug under the bed to anchor the space. If space allows, add a reading corner with a comfortable chair and floor lamp.\n\n**3. Material Recommendations:**\n\n- Flooring: Opt for marble flooring, which is widely available and popular in Dubai for its cooling properties and luxe appeal. \n- Wall finishes: Keep the walls in a matte white finish for a crisp, modern look. Consider a feature wall with textured wallpaper or a mural behind the bed.\n- Window treatments: Use sheer white curtains for privacy while allowing natural light and blackout drapes for nighttime.\n\n**4. Furniture List:**\n\n- King-size Bed: AED 2,000\n- Bedside Tables x2: AED 1,000\n- Bench: AED 800\n- Reading Chair: AED 1,000\n- Floor Lamp: AED 400\n\n**5. Lighting Plan:**\n\nUse a mix of ambient, task, and accent lighting. Install a statement chandelier or pendant light over the bed. Use table lamps on bedside tables for reading and task lighting. Consider recessed lighting in the ceiling for a modern look and indirect lighting behind the bed for a cozy feel.\n\n**6. Decor Elements:**\n\n- Artwork: Choose abstract pieces in the room''s color scheme. \n- Plants: Opt for hardy indoor palms which thrive in Dubai''s climate.\n- Accessories: Use gold accents like picture frames, vases, and decorative bowls.\n- Rugs: A plush cream or beige area rug.\n\n**7. Shopping List:**\n\n- Furniture: IKEA, Marina Home, Home Centre\n- Lighting: ACE, Pan Emirates\n- Decor Elements: Crate&Barrel, The Bowery Company, Zara Home\n\n**8. Timeline:**\n\nAssuming all items are readily available, the project should take around 3-4 weeks. This includes time for shopping, delivery, assembly, and final styling touches. This is an estimate and actual timeline may vary based on availability and delivery times.\n\nRemember: It’s essential to incorporate personal style and preferences to make the space feel unique and truly yours.','\n',char(10)),'Modern bedroom with white walls','[]','[]',3,'completed','[{"url":"https:\/\/oaidalleapiprodscus.blob.core.windows.net\/private\/org-ilhWWDzx0WN6WdBJ9SUU5Xsl\/user-t1vqMPzgD9oUSWDBmz7H0TI0\/img-HMU6OoOa3jqWNmUNovsE5tVk.png?st=2025-08-20T15%3A34%3A04Z&se=2025-08-20T17%3A34%3A04Z&sp=r&sv=2024-08-04&sr=b&rscd=inline&rsct=image\/png&skoid=b1a0ae1f-618f-4548-84fd-8b16cacd5485&sktid=a48cca56-e6da-484e-a814-9c849652bcb3&skt=2025-08-20T16%3A34%3A04Z&ske=2025-08-21T16%3A34%3A04Z&sks=b&skv=2024-08-04&sig=SMrLyhIVGn1GYrYP8kn6rPoZumNVHvsYgFwYZalHpXw%3D","prompt":"Wide angle view, A beautiful modern interior space interior design in Dubai, UAE. High-quality architectural visualization with natural daylight. Clean, elegant space with attention to detail. Photorealistic rendering, interior design photography style. Luxurious finishes suitable for Dubai market. Incorporating elements: Modern bedroom with white walls","index":1},{"url":"https:\/\/oaidalleapiprodscus.blob.core.windows.net\/private\/org-ilhWWDzx0WN6WdBJ9SUU5Xsl\/user-t1vqMPzgD9oUSWDBmz7H0TI0\/img-YHla3JkJdifG8fVRLqcBjupD.png?st=2025-08-20T15%3A34%3A25Z&se=2025-08-20T17%3A34%3A25Z&sp=r&sv=2024-08-04&sr=b&rscd=inline&rsct=image\/png&skoid=ed3ea2f9-5e38-44be-9a1b-7c1e65e4d54f&sktid=a48cca56-e6da-484e-a814-9c849652bcb3&skt=2025-08-20T15%3A16%3A44Z&ske=2025-08-21T15%3A16%3A44Z&sks=b&skv=2024-08-04&sig=KxHjcdkJFKmfdn9A8B4rRcC2dUZ7lAze8RhA2yQepRE%3D","prompt":"Close-up detail shot, A beautiful modern interior space interior design in Dubai, UAE. High-quality architectural visualization with warm evening lighting. Clean, elegant space with attention to detail. Photorealistic rendering, interior design photography style. Luxurious finishes suitable for Dubai market. Incorporating elements: Modern bedroom with white walls","index":2},{"url":"https:\/\/oaidalleapiprodscus.blob.core.windows.net\/private\/org-ilhWWDzx0WN6WdBJ9SUU5Xsl\/user-t1vqMPzgD9oUSWDBmz7H0TI0\/img-55KKer5wifkBoxEqvnRu6TQz.png?st=2025-08-20T15%3A34%3A45Z&se=2025-08-20T17%3A34%3A45Z&sp=r&sv=2024-08-04&sr=b&rscd=inline&rsct=image\/png&skoid=cc612491-d948-4d2e-9821-2683df3719f5&sktid=a48cca56-e6da-484e-a814-9c849652bcb3&skt=2025-08-20T07%3A39%3A30Z&ske=2025-08-21T07%3A39%3A30Z&sks=b&skv=2024-08-04&sig=8IcWvBp\/bPQoyaLbU7SdWOzt3ZPD7dQAw9yfuE2TBi4%3D","prompt":"Different lighting setup, A beautiful modern interior space interior design in Dubai, UAE. High-quality architectural visualization with bright modern lighting. Clean, elegant space with attention to detail. Photorealistic rendering, interior design photography style. Luxurious finishes suitable for Dubai market. Incorporating elements: Modern bedroom with white walls","index":3}]',NULL,'2025-08-20 16:33:18','2025-08-20 16:34:45','2025-08-20 16:30:15','2025-08-20 16:34:45');
INSERT INTO design_image_generations VALUES(6,'fabd7e66-3fa7-40f0-bcfa-a0ee2b44a51c',2,replace('**1. Color Scheme:** \n\nThe color palette will be mainly neutral with shades of white, beige, and grey. A touch of blue and gold will be added for a hint of luxury. \n\n- Primary: White (#FFFFFF)\n- Secondary: Light Beige (#F5F5DC)\n- Accent 1: Grey (#808080)\n- Accent 2: Navy Blue (#000080)\n- Accent 3: Gold (#FFD700)\n\n**2. Layout Suggestions:**\n\nThe room should be divided into two sections - a formal seating area and an informal lounge area. The formal seating area should have a three-seater sofa and two accent chairs, a coffee table in the center, and a console table against the wall. The lounge area should have a large L-shaped couch. \n\n**3. Material Recommendations:**\n\n- Flooring: Light oak wooden flooring for a warm yet modern look. \n- Wall Finishes: Off-white paint for walls, with an accent wall in navy blue. \n\n**4. Furniture List:**\n\n- Formal Seating Area:\n  - Three-Seater Sofa (AED 2,000) \n  - Two Accent Chairs (AED 1,000 each) \n  - Coffee Table (AED 800) \n  - Console Table (AED 1,200) \n- Informal Lounge Area:\n  - L-Shaped Couch (AED 3,000)\n\n**5. Lighting Plan:**\n\n- Recessed Ceiling Lights: To provide overall illumination (AED 800)\n- Table Lamps: On the console table for focused lighting (AED 500)\n- Floor Lamp: Near the L-shaped couch for reading (AED 600)\n\n**6. Decor Elements:**\n\n- Cushions: Mix of white, beige, and navy blue (AED 300)\n- Rugs: A large beige rug for the formal seating area and a grey one for the lounge (AED 1,000)\n- Artwork: Abstract paintings in gold frames (AED 1,500)\n- Plants: Potted indoor plants like the Areca Palm or Money Plant (AED 500)\n\n**7. Shopping List:**\n\n- Furniture: IKEA, Home Centre\n- Lighting: ACE, IKEA\n- Decor: Crate & Barrel, Pottery Barn\n- Plants: Dubai Garden Centre\n\n**8. Timeline:**\n\n- Week 1-2: Purchase and delivery of furniture\n- Week 3: Installation of lighting fixtures\n- Week 4: Setup of decor and plants\n\nRemember to consider the local climate and culture when choosing materials and decor. For instance, the use of indoor plants not only adds a refreshing touch but also helps to purify the air in Dubai''s hot climate. Similarly, the color scheme and decor elements are inspired by the city''s coastal vibes and modern aesthetic.','\n',char(10)),'Simple modern living room','[]','[]',3,'completed','[{"url":"https:\/\/oaidalleapiprodscus.blob.core.windows.net\/private\/org-ilhWWDzx0WN6WdBJ9SUU5Xsl\/user-t1vqMPzgD9oUSWDBmz7H0TI0\/img-aKZHlnLOjqVjXENTatleOaIE.png?st=2025-08-20T15%3A33%3A55Z&se=2025-08-20T17%3A33%3A55Z&sp=r&sv=2024-08-04&sr=b&rscd=inline&rsct=image\/png&skoid=cc612491-d948-4d2e-9821-2683df3719f5&sktid=a48cca56-e6da-484e-a814-9c849652bcb3&skt=2025-08-19T20%3A00%3A23Z&ske=2025-08-20T20%3A00%3A23Z&sks=b&skv=2024-08-04&sig=kBSes87R\/P5%2Bw5LIj9mSDAidxV7%2BU29\/hfxtL7o6IXM%3D","prompt":"Wide angle view, A beautiful modern interior space interior design in Dubai, UAE. High-quality architectural visualization with natural daylight. Clean, elegant space with attention to detail. Photorealistic rendering, interior design photography style. Luxurious finishes suitable for Dubai market. Incorporating elements: Simple modern living room","index":1},{"url":"https:\/\/oaidalleapiprodscus.blob.core.windows.net\/private\/org-ilhWWDzx0WN6WdBJ9SUU5Xsl\/user-t1vqMPzgD9oUSWDBmz7H0TI0\/img-p0WHVPqyj7gE2ipEnIieQOeQ.png?st=2025-08-20T15%3A34%3A06Z&se=2025-08-20T17%3A34%3A06Z&sp=r&sv=2024-08-04&sr=b&rscd=inline&rsct=image\/png&skoid=f1dafa11-a0c2-4092-91d4-10981fbda051&sktid=a48cca56-e6da-484e-a814-9c849652bcb3&skt=2025-08-20T00%3A45%3A46Z&ske=2025-08-21T00%3A45%3A46Z&sks=b&skv=2024-08-04&sig=xEtadDp6GDKxekyoNN2EjYLRCnqtoI\/pHoYjnBn7DPs%3D","prompt":"Close-up detail shot, A beautiful modern interior space interior design in Dubai, UAE. High-quality architectural visualization with warm evening lighting. Clean, elegant space with attention to detail. Photorealistic rendering, interior design photography style. Luxurious finishes suitable for Dubai market. Incorporating elements: Simple modern living room","index":2},{"url":"https:\/\/oaidalleapiprodscus.blob.core.windows.net\/private\/org-ilhWWDzx0WN6WdBJ9SUU5Xsl\/user-t1vqMPzgD9oUSWDBmz7H0TI0\/img-rZBgawyH9jGYmjGK4LA1yeDB.png?st=2025-08-20T15%3A34%3A23Z&se=2025-08-20T17%3A34%3A23Z&sp=r&sv=2024-08-04&sr=b&rscd=inline&rsct=image\/png&skoid=8b33a531-2df9-46a3-bc02-d4b1430a422c&sktid=a48cca56-e6da-484e-a814-9c849652bcb3&skt=2025-08-19T17%3A15%3A22Z&ske=2025-08-20T17%3A15%3A22Z&sks=b&skv=2024-08-04&sig=5DDoRzmwFMp9YmggxLpJSUWrOu6MS3ZFsiCB9JtalbU%3D","prompt":"Different lighting setup, A beautiful modern interior space interior design in Dubai, UAE. High-quality architectural visualization with bright modern lighting. Clean, elegant space with attention to detail. Photorealistic rendering, interior design photography style. Luxurious finishes suitable for Dubai market. Incorporating elements: Simple modern living room","index":3}]',NULL,'2025-08-20 16:33:18','2025-08-20 16:34:23','2025-08-20 16:31:25','2025-08-20 16:34:23');
INSERT INTO design_image_generations VALUES(7,'69dbf08e-450a-4578-947f-5967a7a15a66',2,replace('**Living Room**\n1. **Color Scheme**: Opt for a warm palette to create an inviting space. Use Benjamin Moore''s Navajo White (OC-95) for the walls, with accents of Moroccan Red (1309) and Caponata (AF-650) on trims and moldings. \n\n2. **Layout Suggestions**: Position the main sofa against the largest wall, with two armchairs on either side to form a cozy conversation area. Add a coffee table in the middle and a console table against the opposite wall. \n\n3. **Material Recommendations**: Choose marble flooring for its elegance and durability. Use fabric wallpaper in a subtle pattern for an added layer of texture. \n\n4. **Furniture List**: \n   - Main sofa: Chesterfield 3 Seater Sofa, AED 8000, Homes R Us\n   - Armchairs: Mason Armchair, AED 2000 each, Pan Emirates\n   - Coffee Table: Silas Coffee Table, AED 1500, Crate&Barrel\n   - Console Table: Brogan Console Table, AED 2500, Marina Home\n\n5. **Lighting Plan**: Install a crystal chandelier for ambient lighting, with table lamps on the console table for task lighting. \n\n6. **Decor Elements**: Add a Persian rug, gold-framed mirrors, and classic artworks. Include plush cushions and drapes in matching colors. \n\n7. **Shopping List**: \n   - Lighting: The One\n   - Wallpaper: Laura Ashley\n   - Artworks: Gallery One\n   - Mirrors and Accessories: Zara Home\n\n8. **Timeline**: Allow 2-3 months for sourcing, delivery, and installation. \n\n**Children''s Room**\n1. **Color Scheme**: Use Sherwin Williams'' Open Air (SW 6491) for walls, with accents of Meander Blue (SW 6484) and Energetic Orange (SW 6880) for a fun, youthful look.\n\n2. **Layout Suggestions**: Place the bed against the wall, with a desk on the opposite side for studying. A bookshelf and a wardrobe should be placed on the remaining walls. \n\n3. **Material Recommendations**: Use vinyl flooring for its ease of cleaning and durability. Choose washable paint for walls. \n\n4. **Furniture List**: \n   - Bed: Stuva/Fritids Loft Bed, AED 1500, Ikea\n   - Desk: Micke Desk, AED 300, Ikea\n   - Bookshelf: Billy Bookcase, AED 300, Ikea\n   - Wardrobe: Dombas Wardrobe, AED 500, Ikea\n\n5. **Lighting Plan**: Install a fun ceiling pendant for ambient lighting, with a desk lamp for task lighting. \n\n6. **Decor Elements**: Add colorful wall decals, a vibrant rug, and playful curtains. Include a bean bag for a cozy reading corner. \n\n7. **Shopping List**: \n   - Lighting: Ikea\n   - Wall Decals: Baby Shop\n   - Rug and Curtains: Pottery Barn Kids\n\n8. **Timeline**: Allow 1-2 months for sourcing, delivery, and installation. \n\nRemember to respect Dubai''s culture, especially in shared spaces. Avoid overtly sexual or religious artworks. As Dubai gets very hot, opt for light and airy fabrics, and ensure all rooms are well-ventilated. Always choose quality over quantity to ensure your spaces last.','\n',char(10)),'iosejfiosjdfo','["living_room","children_room"]','["classic"]',3,'completed','[{"url":"https:\/\/oaidalleapiprodscus.blob.core.windows.net\/private\/org-ilhWWDzx0WN6WdBJ9SUU5Xsl\/user-t1vqMPzgD9oUSWDBmz7H0TI0\/img-St5KLeNCUi4s96zDNoA360rv.png?st=2025-08-20T15%3A36%3A38Z&se=2025-08-20T17%3A36%3A38Z&sp=r&sv=2024-08-04&sr=b&rscd=inline&rsct=image\/png&skoid=f1dafa11-a0c2-4092-91d4-10981fbda051&sktid=a48cca56-e6da-484e-a814-9c849652bcb3&skt=2025-08-20T03%3A22%3A57Z&ske=2025-08-21T03%3A22%3A57Z&sks=b&skv=2024-08-04&sig=KeBpnBMBVxdaW9Yk4qJ1io34cqLW2pfvy4mhpYUGKs8%3D","prompt":"Wide angle view, A beautiful classic living_room, children_room interior design in Dubai, UAE. High-quality architectural visualization with natural daylight. Clean, elegant space with attention to detail. Photorealistic rendering, interior design photography style. Luxurious finishes suitable for Dubai market. ","index":1},{"url":"https:\/\/oaidalleapiprodscus.blob.core.windows.net\/private\/org-ilhWWDzx0WN6WdBJ9SUU5Xsl\/user-t1vqMPzgD9oUSWDBmz7H0TI0\/img-ytWs4rIuruQvKLUbvJLdNRo8.png?st=2025-08-20T15%3A36%3A56Z&se=2025-08-20T17%3A36%3A56Z&sp=r&sv=2024-08-04&sr=b&rscd=inline&rsct=image\/png&skoid=8b33a531-2df9-46a3-bc02-d4b1430a422c&sktid=a48cca56-e6da-484e-a814-9c849652bcb3&skt=2025-08-20T11%3A25%3A02Z&ske=2025-08-21T11%3A25%3A02Z&sks=b&skv=2024-08-04&sig=LGVFr7SgjNZPVvqBw%2BDkzh9CHOOK8Lt%2Bu4GshJxeaQg%3D","prompt":"Close-up detail shot, A beautiful classic living_room, children_room interior design in Dubai, UAE. High-quality architectural visualization with warm evening lighting. Clean, elegant space with attention to detail. Photorealistic rendering, interior design photography style. Luxurious finishes suitable for Dubai market. ","index":2},{"url":"https:\/\/oaidalleapiprodscus.blob.core.windows.net\/private\/org-ilhWWDzx0WN6WdBJ9SUU5Xsl\/user-t1vqMPzgD9oUSWDBmz7H0TI0\/img-97NjyZQnxM0CIAwKBuBNi0jJ.png?st=2025-08-20T15%3A37%3A08Z&se=2025-08-20T17%3A37%3A08Z&sp=r&sv=2024-08-04&sr=b&rscd=inline&rsct=image\/png&skoid=ed3ea2f9-5e38-44be-9a1b-7c1e65e4d54f&sktid=a48cca56-e6da-484e-a814-9c849652bcb3&skt=2025-08-19T19%3A52%3A42Z&ske=2025-08-20T19%3A52%3A42Z&sks=b&skv=2024-08-04&sig=Iseoxz5l0utn\/Hjbs2C4iP1ZI1NQpvSUkBu65S67kEo%3D","prompt":"Different lighting setup, A beautiful classic living_room, children_room interior design in Dubai, UAE. High-quality architectural visualization with bright modern lighting. Clean, elegant space with attention to detail. Photorealistic rendering, interior design photography style. Luxurious finishes suitable for Dubai market. ","index":3}]',NULL,'2025-08-20 16:36:09','2025-08-20 16:37:08','2025-08-20 16:36:06','2025-08-20 16:37:08');
INSERT INTO design_image_generations VALUES(8,'e5e4a9f8-7e89-40e7-9b0c-3fead1b2f75c',2,replace('**1. Color Scheme:**\n\nThe color scheme for this kitchen will be a mix of warm neutrals and earth tones to create a cozy yet modern feel. \n\n- Primary Color: White Smoke (#F5F5F5)\n- Secondary Color: Taupe (#483C32)\n- Accent Color: Burnt Sienna (#E97451)\n\n**2. Layout Suggestions:**\n\nThe kitchen will be a U-shaped layout with an island in the center. This layout provides plenty of counter space and storage. The island will function as a breakfast bar with stools on one side. The stove and oven will be on one side of the U, the fridge on the opposite side, and the sink in the island.\n\n**3. Material Recommendations:**\n\n- Flooring: Consider using limestone tiles. They are durable, locally sourced, and fit the color scheme. \n- Wall finishes: Opt for a matte finish paint in the color White Smoke for the walls. Use a glossy subway tile in the color Taupe for the backsplash. \n- Countertops: Use a polished granite countertop in a color that complements the Taupe backsplash.\n\n**4. Furniture List:**\n\n- Kitchen Island with built-in sink: AED 8,000\n- Bar Stools (x3): AED 1,500 \n- Dining Set: AED 4,000\n- Built-in Oven: AED 3,000\n- Freestanding Fridge: AED 2,500\n\n**5. Lighting Plan:**\n\nIncorporate a mix of ambient, task, and accent lighting. Install recessed lighting in the ceiling for ambient light. Under-cabinet lights can provide task lighting. Pendant lights over the island will serve as both task and accent lighting.\n\n**6. Decor Elements:**\n\n- A large rug in Burnt Sienna under the dining set will add warmth and tie the color scheme together.\n- Hang a large mirror on one wall to create the illusion of more space.\n- Use green plants as decor elements to bring in some natural color and freshness. \n\n**7. Shopping List:**\n\n- Flooring: Al Hashem Marble, Dubai\n- Paint: Jotun Paints, Dubai\n- Kitchen Island and Cabinets: IKEA, Dubai\n- Bar Stools: Home Centre, Dubai\n- Dining Set: Pan Emirates, Dubai\n- Built-in Oven and Fridge: Sharaf DG, Dubai\n- Lighting: Light House, Dubai\n\n**8. Timeline:**\n\nThe estimated timeline to complete this project is 6-8 weeks. This includes time for ordering and delivering materials, installation, and final touches. \n\n- Weeks 1-2: Order and deliver materials\n- Weeks 3-4: Install flooring and paint walls\n- Weeks 5-6: Install cabinets, island, and appliances\n- Weeks 7-8: Install lighting, arrange furniture, and add decor elements.','\n',char(10)),'Cozy modern kitchen with island','[]','[]',3,'completed','[{"url":"https:\/\/oaidalleapiprodscus.blob.core.windows.net\/private\/org-ilhWWDzx0WN6WdBJ9SUU5Xsl\/user-t1vqMPzgD9oUSWDBmz7H0TI0\/img-AORUK2yjNLCWOJpj2V5egpIt.png?st=2025-08-20T15%3A38%3A20Z&se=2025-08-20T17%3A38%3A20Z&sp=r&sv=2024-08-04&sr=b&rscd=inline&rsct=image\/png&skoid=ed3ea2f9-5e38-44be-9a1b-7c1e65e4d54f&sktid=a48cca56-e6da-484e-a814-9c849652bcb3&skt=2025-08-20T09%3A43%3A07Z&ske=2025-08-21T09%3A43%3A07Z&sks=b&skv=2024-08-04&sig=oEbO5XZy2SW61yokqYt7NIHCD\/C%2B6GTmLgZmWclSMsw%3D","prompt":"Wide angle view, A beautiful modern interior space interior design in Dubai, UAE. High-quality architectural visualization with natural daylight. Clean, elegant space with attention to detail. Photorealistic rendering, interior design photography style. Luxurious finishes suitable for Dubai market. Incorporating elements: Cozy modern kitchen with island","index":1},{"url":"https:\/\/oaidalleapiprodscus.blob.core.windows.net\/private\/org-ilhWWDzx0WN6WdBJ9SUU5Xsl\/user-t1vqMPzgD9oUSWDBmz7H0TI0\/img-xW3mZAMH522wsJAJUkLT53OG.png?st=2025-08-20T15%3A38%3A33Z&se=2025-08-20T17%3A38%3A33Z&sp=r&sv=2024-08-04&sr=b&rscd=inline&rsct=image\/png&skoid=f1dafa11-a0c2-4092-91d4-10981fbda051&sktid=a48cca56-e6da-484e-a814-9c849652bcb3&skt=2025-08-20T16%3A21%3A17Z&ske=2025-08-21T16%3A21%3A17Z&sks=b&skv=2024-08-04&sig=zreqMZbSsw3s5lJYkcwXUkQCPONv\/fScPAw0FbcEvSY%3D","prompt":"Close-up detail shot, A beautiful modern interior space interior design in Dubai, UAE. High-quality architectural visualization with warm evening lighting. Clean, elegant space with attention to detail. Photorealistic rendering, interior design photography style. Luxurious finishes suitable for Dubai market. Incorporating elements: Cozy modern kitchen with island","index":2},{"url":"https:\/\/oaidalleapiprodscus.blob.core.windows.net\/private\/org-ilhWWDzx0WN6WdBJ9SUU5Xsl\/user-t1vqMPzgD9oUSWDBmz7H0TI0\/img-7PdDtRn22dvtNJexVMrpok21.png?st=2025-08-20T15%3A38%3A49Z&se=2025-08-20T17%3A38%3A49Z&sp=r&sv=2024-08-04&sr=b&rscd=inline&rsct=image\/png&skoid=ed3ea2f9-5e38-44be-9a1b-7c1e65e4d54f&sktid=a48cca56-e6da-484e-a814-9c849652bcb3&skt=2025-08-20T14%3A05%3A22Z&ske=2025-08-21T14%3A05%3A22Z&sks=b&skv=2024-08-04&sig=JhYyrqKSccZyoAR5jAvvU9nsGmAzLUgOwuyiEO0PQyI%3D","prompt":"Different lighting setup, A beautiful modern interior space interior design in Dubai, UAE. High-quality architectural visualization with bright modern lighting. Clean, elegant space with attention to detail. Photorealistic rendering, interior design photography style. Luxurious finishes suitable for Dubai market. Incorporating elements: Cozy modern kitchen with island","index":3}]',NULL,'2025-08-20 16:37:50','2025-08-20 16:38:49','2025-08-20 16:37:49','2025-08-20 16:38:49');
INSERT INTO design_image_generations VALUES(9,'f8fa5777-3543-4eb7-90fe-efd53fef0097',2,replace('**1. Color Scheme:**\n\nOpt for a neutral palette to create a sense of space and tranquility. Use Dulux color codes.\n\n- Main color: Soft Pebble (00NN 72/000) – a soft, light grey for walls.\n- Accent color: Chic Shadow (00NN 31/000) – a darker grey for the vanity or accent wall.\n- Highlight color: Copper Blush (Copper Blush 50YR 36/263) – for accessories and decor.\n\n**2. Layout Suggestions:**\n\nGiven that we are working with a small bathroom, arrange your fixtures linearly. Install the sink and vanity opposite to the toilet and shower to allow free movement. Consider a frameless glass shower enclosure to create the illusion of more space.\n\n**3. Material Recommendations:**\n\n- Flooring: Use large format porcelain tiles in a light grey (similar to Soft Pebble) to reflect light. These are easily available in the UAE.\n- Walls: Paint most walls in Soft Pebble. Consider a Chic Shadow tiled accent wall in the shower area.\n- Vanity: A floating vanity in Chic Shadow with a quartz countertop to maximize floor space.\n\n**4. Furniture List:**\n\n- Vanity: IKEA GODMORGON / ODENSVIK sink cabinet (AED 995)\n- Toilet: Kohler’s Ove One-piece toilet (AED 1,500)\n- Shower enclosure: Kludi''s Frameless Glass Shower Enclosure (AED 2,000)\n\n**5. Lighting Plan:**\n\n- Main lighting: Recessed LED ceiling lights, like Philips Hue White Ambiance (AED 200 each)\n- Accent lighting: A backlit mirror above the vanity, such as IKEA STORJORM (AED 395)\n\n**6. Decor Elements:**\n\n- Accessories: Copper accents like soap dispenser, toothbrush holder from Crate and Barrel (AED 100-200 each)\n- Artwork: A small, framed Arabic calligraphy print from Gallery One (AED 300)\n- Plants: An indoor succulent from Dubai Garden Centre (AED 50-100)\n\n**7. Shopping List:**\n\n- Dulux Paints: Available at ACE Hardware stores across the UAE.\n- Porcelain tiles, vanity, and fixtures: IKEA, Kohler or Kludi showrooms.\n- Decor and accessories: Crate and Barrel, Gallery One, and Dubai Garden Centre.\n\n**8. Timeline:**\n\n- Week 1-2: Finalize and purchase all materials, furniture, and decor.\n- Week 3-4: Start with painting, tiling, and lighting installation.\n- Week 5: Install fixtures and finishes.\n- Week 6: Add decor elements and final touches.\n\nRemember, due to Dubai''s hot climate, opt for materials that can withstand high temperatures and humidity levels. The design is modern but considers local culture through subtle elements like Arabic artwork.','\n',char(10)),'Small modern bathroom','[]','[]',3,'completed','[{"url":"https:\/\/oaidalleapiprodscus.blob.core.windows.net\/private\/org-ilhWWDzx0WN6WdBJ9SUU5Xsl\/user-t1vqMPzgD9oUSWDBmz7H0TI0\/img-8pfSI9xHkqlGjXatssb3U5Wu.png?st=2025-08-20T15%3A39%3A24Z&se=2025-08-20T17%3A39%3A24Z&sp=r&sv=2024-08-04&sr=b&rscd=inline&rsct=image\/png&skoid=ed3ea2f9-5e38-44be-9a1b-7c1e65e4d54f&sktid=a48cca56-e6da-484e-a814-9c849652bcb3&skt=2025-08-20T00%3A19%3A54Z&ske=2025-08-21T00%3A19%3A54Z&sks=b&skv=2024-08-04&sig=ABRwWWunXWnuedJa6dMKrNkKYYHtJu2QjUBlb0TJ1Ak%3D","prompt":"Wide angle view, A beautiful modern interior space interior design in Dubai, UAE. High-quality architectural visualization with natural daylight. Clean, elegant space with attention to detail. Photorealistic rendering, interior design photography style. Luxurious finishes suitable for Dubai market. Incorporating elements: Small modern bathroom","index":1},{"url":"https:\/\/oaidalleapiprodscus.blob.core.windows.net\/private\/org-ilhWWDzx0WN6WdBJ9SUU5Xsl\/user-t1vqMPzgD9oUSWDBmz7H0TI0\/img-sgJ4YJv48aYtzBo9uXQ4kEJO.png?st=2025-08-20T15%3A39%3A40Z&se=2025-08-20T17%3A39%3A40Z&sp=r&sv=2024-08-04&sr=b&rscd=inline&rsct=image\/png&skoid=f1dafa11-a0c2-4092-91d4-10981fbda051&sktid=a48cca56-e6da-484e-a814-9c849652bcb3&skt=2025-08-20T14%3A06%3A03Z&ske=2025-08-21T14%3A06%3A03Z&sks=b&skv=2024-08-04&sig=KBcNghzVGNLjW3NGDDstoo5RqfkURh2zLbuKyKyjm1g%3D","prompt":"Close-up detail shot, A beautiful modern interior space interior design in Dubai, UAE. High-quality architectural visualization with warm evening lighting. Clean, elegant space with attention to detail. Photorealistic rendering, interior design photography style. Luxurious finishes suitable for Dubai market. Incorporating elements: Small modern bathroom","index":2},{"url":"https:\/\/oaidalleapiprodscus.blob.core.windows.net\/private\/org-ilhWWDzx0WN6WdBJ9SUU5Xsl\/user-t1vqMPzgD9oUSWDBmz7H0TI0\/img-3Z19ASrIj5rfsl0ZXKTgTrBz.png?st=2025-08-20T15%3A39%3A57Z&se=2025-08-20T17%3A39%3A57Z&sp=r&sv=2024-08-04&sr=b&rscd=inline&rsct=image\/png&skoid=8b33a531-2df9-46a3-bc02-d4b1430a422c&sktid=a48cca56-e6da-484e-a814-9c849652bcb3&skt=2025-08-20T15%3A23%3A16Z&ske=2025-08-21T15%3A23%3A16Z&sks=b&skv=2024-08-04&sig=DWGQupUUHvPLM8jh23ea6RmvEvvGa35CdG%2BMrn4Pe8I%3D","prompt":"Different lighting setup, A beautiful modern interior space interior design in Dubai, UAE. High-quality architectural visualization with bright modern lighting. Clean, elegant space with attention to detail. Photorealistic rendering, interior design photography style. Luxurious finishes suitable for Dubai market. Incorporating elements: Small modern bathroom","index":3}]',NULL,'2025-08-20 16:38:49','2025-08-20 16:39:58','2025-08-20 16:38:33','2025-08-20 16:39:58');
INSERT INTO design_image_generations VALUES(10,'e3cff39f-001c-4c87-8758-304d17d421be',2,replace('**1. Color Scheme**\nThe palette will be based on neutral colors. For the walls, use Jotun''s Soothing Beige (1024) and for the accents like doors and trim, go for Jotun''s Elegant White (1001). To add a pop of color, opt for Jotun''s Dusty Red (20120) in selected areas. \n\n**2. Layout Suggestions**\nFor the living room, arrange seating around a central coffee table for conversation and entertaining. Use a large area rug to define the space. Place a large sofa against the longest wall and add two armchairs opposite it. The dining room should be near the kitchen for convenient serving. Opt for a rectangular table to accommodate more people and flank it with a buffet table for additional storage.\n\n**3. Material Recommendations**\nUse marble for flooring as it''s abundant in UAE and suits the hot climate. Use TINO''s Beige Marble. For wall finishes, use textured plaster in beige color to match the flooring. For the dining room, consider a feature wall with Al Ain''s decorative stone cladding.\n\n**4. Furniture List**\n- Sofa: Ikea''s KIVIK Sofa, around AED 2,500\n- Armchairs: Ikea''s STRANDMON Wing chair, around AED 1,000/each\n- Coffee Table: Marina Home''s HEMINGWAY Coffee Table, around AED 3,000\n- Dining Table: Crate and Barrel''s PARSONS Dining Table, around AED 4,000\n- Dining Chairs: Ikea''s VOLFGANG Chair, around AED 500/each\n- Buffet Table: Crate and Barrel''s CIRQUE Three-Door Sideboard, around AED 6,000\n\n**5. Lighting Plan**\nUse a combination of general, task, and accent lighting. For general lighting, install LED downlights from Philips. For task lighting, place floor lamps from Ikea near the sofa and armchairs. For accent lighting, use wall sconces from Marina Home on either side of your large artwork or mirror.\n\n**6. Decor Elements**\nIncorporate local artwork from Alserkal Avenue galleries and indoor plants like snake plant and ZZ plant from Dubai Garden Centre. Use Persian rugs from National Iranian Carpets to add an exotic touch. \n\n**7. Shopping List**\nMost items can be found at Ikea, Marina Home, Crate and Barrel, Dubai Garden Centre, and Alserkal Avenue. The total cost should be around AED 70,000 - 80,000, well within your budget.\n\n**8. Timeline**\nThe project can be completed in 4-6 weeks. Begin with ordering furniture and scheduling delivery. Next, start on floor and wall finish installations. Once finished, bring in furniture, set up lighting, and finally, add decor elements. \n\nThis plan balances modern design with eco-friendly elements, keeping in mind Dubai''s climate and local resources. It also respects the local culture with its use of local artwork and Persian rugs.','\n',char(10)),'Aosfijosifjoiff','["living_room","dining_room"]','["modern","eco_friendly"]',3,'completed','[{"url":"https:\/\/oaidalleapiprodscus.blob.core.windows.net\/private\/org-ilhWWDzx0WN6WdBJ9SUU5Xsl\/user-t1vqMPzgD9oUSWDBmz7H0TI0\/img-ehy7fCrUGDz1que9rTJogYMd.png?st=2025-08-20T15%3A44%3A44Z&se=2025-08-20T17%3A44%3A44Z&sp=r&sv=2024-08-04&sr=b&rscd=inline&rsct=image\/png&skoid=8b33a531-2df9-46a3-bc02-d4b1430a422c&sktid=a48cca56-e6da-484e-a814-9c849652bcb3&skt=2025-08-20T07%3A59%3A19Z&ske=2025-08-21T07%3A59%3A19Z&sks=b&skv=2024-08-04&sig=Or6n%2B3sMkBwOZaxheuaHqoUKbPBF%2BjSxr1GbssWvsqI%3D","prompt":"Wide angle view, A beautiful modern and eco_friendly living_room, dining_room interior design in Dubai, UAE. High-quality architectural visualization with natural daylight. Clean, elegant space with attention to detail. Photorealistic rendering, interior design photography style. Luxurious finishes suitable for Dubai market. ","index":1},{"url":"https:\/\/oaidalleapiprodscus.blob.core.windows.net\/private\/org-ilhWWDzx0WN6WdBJ9SUU5Xsl\/user-t1vqMPzgD9oUSWDBmz7H0TI0\/img-jgwKJuIo23Yvjte7oiT057ta.png?st=2025-08-20T15%3A45%3A01Z&se=2025-08-20T17%3A45%3A01Z&sp=r&sv=2024-08-04&sr=b&rscd=inline&rsct=image\/png&skoid=8b33a531-2df9-46a3-bc02-d4b1430a422c&sktid=a48cca56-e6da-484e-a814-9c849652bcb3&skt=2025-08-20T14%3A41%3A29Z&ske=2025-08-21T14%3A41%3A29Z&sks=b&skv=2024-08-04&sig=lLDDM8XJe\/ojhKnJNOBlelrtRg0NQ3CdlU1Gyv%2BgdMo%3D","prompt":"Close-up detail shot, A beautiful modern and eco_friendly living_room, dining_room interior design in Dubai, UAE. High-quality architectural visualization with warm evening lighting. Clean, elegant space with attention to detail. Photorealistic rendering, interior design photography style. Luxurious finishes suitable for Dubai market. ","index":2},{"url":"https:\/\/oaidalleapiprodscus.blob.core.windows.net\/private\/org-ilhWWDzx0WN6WdBJ9SUU5Xsl\/user-t1vqMPzgD9oUSWDBmz7H0TI0\/img-XR9JFBApFs2WdTF9nTv3khwM.png?st=2025-08-20T15%3A45%3A16Z&se=2025-08-20T17%3A45%3A16Z&sp=r&sv=2024-08-04&sr=b&rscd=inline&rsct=image\/png&skoid=ed3ea2f9-5e38-44be-9a1b-7c1e65e4d54f&sktid=a48cca56-e6da-484e-a814-9c849652bcb3&skt=2025-08-19T20%3A44%3A31Z&ske=2025-08-20T20%3A44%3A31Z&sks=b&skv=2024-08-04&sig=bx%2B%2BdBKcz9a4KzL5xethN8zg6wioEazC23xzKiBk0e0%3D","prompt":"Different lighting setup, A beautiful modern and eco_friendly living_room, dining_room interior design in Dubai, UAE. High-quality architectural visualization with bright modern lighting. Clean, elegant space with attention to detail. Photorealistic rendering, interior design photography style. Luxurious finishes suitable for Dubai market. ","index":3}]',NULL,'2025-08-20 16:44:13','2025-08-20 16:45:16','2025-08-20 16:44:10','2025-08-20 16:45:16');
INSERT INTO design_image_generations VALUES(11,'5e41c3a3-eea0-472a-8e44-e0fabe2200cc',2,replace('**1. Color Scheme:**\n\n- Main: Benjamin Moore - Kendall Charcoal (HC-166) - This dark grey will give an industrial touch to the space.\n- Accent: Farrow and Ball - Churlish Green (No.251) - This vibrant green will provide a classic contrast.\n- Neutral: Benjamin Moore - Chantilly Lace (OC-65) - This crisp white will help balance the strong main and accent colors.\n\n**2. Layout Suggestions:**\n\n- The bedroom should have a bed centrally placed with side tables on both sides. A wardrobe should be placed on the adjacent wall. \n- For the dining room, a dining table should be centered with chairs around it. A buffet table can be placed against one wall, with a mirror or artwork above it.\n\n**3. Material Recommendations:**\n\n- Flooring: Go for a polished concrete floor. It''s not only durable and easy to clean but also complements the industrial style.\n- Wall finishes: Exposed brick wall for one accent wall in each room to give the industrial feel. The rest of the walls can be painted in the chosen color scheme.\n\n**4. Furniture List:**\n\n- Bedroom: \n   - Industrial style metal bed: 2000 AED\n   - Wooden side tables: 500 AED each\n   - Classic style wooden wardrobe: 4000 AED\n- Dining Room: \n   - Classic wooden dining table: 3000 AED\n   - Industrial style metal chairs: 600 AED each\n   - Wooden Buffet table: 2000 AED\n\n**5. Lighting Plan:**\n\n- Bedroom: Install a classic chandelier in the center of the room with industrial style wall sconces on either side of the bed.\n- Dining Room: An industrial pendant light over the dining table will be perfect. Add a table lamp on the buffet table for extra light.\n\n**6. Decor Elements:**\n\n- Bedroom: Framed vintage maps, potted plants, and a classic style rug. \n- Dining Room: A large mirror or abstract artwork above the buffet table, a centerpiece for the dining table and a classic style rug.\n\n**7. Shopping List:**\n\nYou can find most items in popular furniture stores like IKEA, Home Centre, and Pan Emirates. For vintage or unique pieces, try local flea markets or online stores like Dubizzle.\n\n**8. Timeline:**\n\nAssuming all items are readily available, the entire project can be completed in 4-6 weeks. This includes shopping, painting, installation, and arranging decor.\n\nRemember that Dubai has a hot desert climate, so opt for lightweight and breathable fabrics for any upholstery. Also, the UAE culture appreciates a mix of modern and traditional, hence the blend of industrial and classic styles.','\n',char(10)),'Adijofoiajsfijfij','["bedroom","dining_room"]','["industrial","classic"]',3,'completed','[{"url":"https:\/\/oaidalleapiprodscus.blob.core.windows.net\/private\/org-ilhWWDzx0WN6WdBJ9SUU5Xsl\/user-t1vqMPzgD9oUSWDBmz7H0TI0\/img-FzaZ6AuGtyxT4vO4xRUDPWdT.png?st=2025-08-20T15%3A46%3A35Z&se=2025-08-20T17%3A46%3A35Z&sp=r&sv=2024-08-04&sr=b&rscd=inline&rsct=image\/png&skoid=8b33a531-2df9-46a3-bc02-d4b1430a422c&sktid=a48cca56-e6da-484e-a814-9c849652bcb3&skt=2025-08-20T16%3A07%3A59Z&ske=2025-08-21T16%3A07%3A59Z&sks=b&skv=2024-08-04&sig=3y4EpwlWL6BMbqfKv57T8jtUw%2BmwksmaFtohnpjNp6k%3D","prompt":"Wide angle view, A beautiful industrial and classic bedroom, dining_room interior design in Dubai, UAE. High-quality architectural visualization with natural daylight. Clean, elegant space with attention to detail. Photorealistic rendering, interior design photography style. Luxurious finishes suitable for Dubai market. ","index":1},{"url":"https:\/\/oaidalleapiprodscus.blob.core.windows.net\/private\/org-ilhWWDzx0WN6WdBJ9SUU5Xsl\/user-t1vqMPzgD9oUSWDBmz7H0TI0\/img-e37OFeZycx7f70QVUY0kLipM.png?st=2025-08-20T15%3A46%3A54Z&se=2025-08-20T17%3A46%3A54Z&sp=r&sv=2024-08-04&sr=b&rscd=inline&rsct=image\/png&skoid=cc612491-d948-4d2e-9821-2683df3719f5&sktid=a48cca56-e6da-484e-a814-9c849652bcb3&skt=2025-08-20T05%3A15%3A54Z&ske=2025-08-21T05%3A15%3A54Z&sks=b&skv=2024-08-04&sig=NoDjKjovcM8PfwLRNJotv9Zab2w3laNvF\/1Te2BcNKA%3D","prompt":"Close-up detail shot, A beautiful industrial and classic bedroom, dining_room interior design in Dubai, UAE. High-quality architectural visualization with warm evening lighting. Clean, elegant space with attention to detail. Photorealistic rendering, interior design photography style. Luxurious finishes suitable for Dubai market. ","index":2},{"url":"https:\/\/oaidalleapiprodscus.blob.core.windows.net\/private\/org-ilhWWDzx0WN6WdBJ9SUU5Xsl\/user-t1vqMPzgD9oUSWDBmz7H0TI0\/img-rwcPSAZmTyftPBkJvaf7gJVu.png?st=2025-08-20T15%3A47%3A10Z&se=2025-08-20T17%3A47%3A10Z&sp=r&sv=2024-08-04&sr=b&rscd=inline&rsct=image\/png&skoid=77e5a8ec-6bd1-4477-8afc-16703a64f029&sktid=a48cca56-e6da-484e-a814-9c849652bcb3&skt=2025-08-19T22%3A10%3A40Z&ske=2025-08-20T22%3A10%3A40Z&sks=b&skv=2024-08-04&sig=uk59jZvOOCfKKZk5ODAkgj2%2Bxbu23v9vI81Jm7gzcFE%3D","prompt":"Different lighting setup, A beautiful industrial and classic bedroom, dining_room interior design in Dubai, UAE. High-quality architectural visualization with bright modern lighting. Clean, elegant space with attention to detail. Photorealistic rendering, interior design photography style. Luxurious finishes suitable for Dubai market. ","index":3}]',NULL,'2025-08-20 16:46:04','2025-08-20 16:47:10','2025-08-20 16:46:01','2025-08-20 16:47:10');
INSERT INTO design_image_generations VALUES(12,'74598a60-3019-4db0-918d-a445aff6abce',2,replace('**1. Color Scheme:**\nThe color palette for this project will be a blend of industrial grays and classic whites and beiges. \n\n- Base color: Sherwin Williams Pure White SW 7005\n- Accent color 1: Sherwin Williams Cityscape SW 7067 (Industrial Gray)\n- Accent color 2: Sherwin Williams Agreeable Gray SW 7029 (Classic Beige)\n\n**2. Layout Suggestions:**\nThe bedroom should ideally be spacious, with the bed positioned centrally and a seating area by the window. The dining room should have a large dining table in the center, with a sideboard against the wall for storage and display.\n\n**3. Material Recommendations:**\n- Flooring: Polished concrete for the industrial vibe, available from Arteco in Dubai.\n- Wall finishes: Exposed brick wall in the dining room and plastered white walls in the bedroom, both available from Baniyas Building Materials Company LLC.\n- Window coverings: White or beige linen curtains, available from Homes R Us.\n\n**4. Furniture List:**\n- Bedroom: \n  - Industrial style bed: 2,000 AED\n  - Two bedside tables: 500 AED each\n  - Seating area: 1,500 AED\n- Dining Room:\n  - Large wooden dining table: 3,000 AED\n  - Six dining chairs: 500 AED each\n  - Sideboard: 1,500 AED\n\n**5. Lighting Plan:**\n- Bedroom: Recessed ceiling lights and a couple of industrial-style bedside lamps.\n- Dining Room: A classic chandelier over the dining table and wall-mounted lights for the sideboard.\n\n**6. Decor Elements:**\n- Bedroom: Large mirror, a few framed black and white photographs, a classic Persian rug.\n- Dining Room: A centerpiece for the dining table, a large mirror over the sideboard, and some classic artworks on the walls.\n\n**7. Shopping List:**\nMost of the items can be purchased from local suppliers such as Homes R Us, Pan Emirates, and IKEA. For unique industrial and classic pieces, you can visit the Al Quoz industrial area.\n\n**8. Timeline:**\nThe project can be completed in 2-3 months, depending on the availability of the items. It''s recommended to start with the structural work (flooring, wall finishes), then move on to the furniture, lighting, and finally the decor elements.\n\nThis plan combines industrial and classic elements, while considering Dubai''s climate (using durable materials that can withstand high temperatures) and cultural preferences (classic artworks, Persian rug). It also provides a practical and achievable budget range, utilizing local suppliers in the UAE.','\n',char(10)),'Adijofoiajsfijfij','["bedroom","dining_room"]','["industrial","classic"]',3,'processing',NULL,NULL,'2025-08-20 16:51:13',NULL,'2025-08-20 16:51:11','2025-08-20 16:51:13');
INSERT INTO design_image_generations VALUES(13,'83ed4961-5b0d-49ae-940d-bf9ed43730c8',2,replace('**1. Color Scheme:**\n- Primary: Charcoal Grey (#36454F)\n- Secondary: Warm Cream (#F5F5DC)\n- Accent: Burnt Sienna (#E97451), Brushed Gold (#DAA520)\n\n**2. Layout Suggestions:**\n- Bedroom: Create a focal point with a large bed against the main wall. Add side tables on both sides. Space permitting, include a seating area with a chair and a small table.\n- Dining Room: Center the dining table in the room. If space allows, create a buffet area with a side table and overhead shelving.\n\n**3. Material Recommendations:**\n- Flooring: Consider polished concrete flooring for an industrial feel. This can be sourced from local suppliers like "Super Cement Manufacturing Co. LLC".\n- Walls: Exposed brick walls can add to the industrial look. For a less dramatic approach, the walls can be painted in the primary color. \n\n**4. Furniture List:**\n- Bedroom: \n  - Industrial-style iron bed (approx 2500 AED)\n  - Matching side tables (approx 500 AED each)\n  - Classic-style chair (approx 1000 AED)\n- Dining Room:\n  - Solid wood dining table (approx 3000 AED)\n  - 6 Leather upholstered chairs (approx 3000 AED for set)\n  - Classic side table (approx 1500 AED)\n\n**5. Lighting Plan:**\n- Bedroom: Industrial-style pendant lights for bedside lamps. Add a classic chandelier for ambient lighting.\n- Dining Room: Industrial-style pendant lights over the dining table and buffet area.\n\n**6. Decor Elements:**\n- Bedroom: Oversized classic-style mirror, cream curtains, artwork with warm tones, large indoor plant like a Fiddle Leaf Fig.\n- Dining Room: Oversized classic-style mirror, cream curtains, artwork with warm tones, large indoor plant like a Monstera.\n\n**7. Shopping List:**\n- "Dragon Mart" for lighting fixtures, curtains, and decor elements.\n- "IKEA" for bed, side tables, and chairs.\n- "Home Centre" for dining table, side table, and artwork.\n- "Dubai Garden Centre" for indoor plants.\n\n**8. Timeline:**\n- Weeks 1-2: Procurement of materials and furniture\n- Week 3: Flooring and wall finish installation\n- Week 4: Furniture arrangement and lighting installation\n- Week 5: Decor elements placement and final touches\n\nThis design plan combines industrial and classic styles while respecting the local climate and culture. The natural materials and color scheme provide a warm and inviting feel. The cream and gold accents help to soften the industrial elements and tie the look together. It offers practicality and style within the given budget.','\n',char(10)),'Adijofoiajsfijfij','["bedroom","dining_room"]','["industrial","classic"]',3,'pending',NULL,NULL,NULL,NULL,'2025-08-20 16:52:46','2025-08-20 16:52:46');
CREATE TABLE IF NOT EXISTS "review_replies" ("id" integer primary key autoincrement not null, "review_type" varchar not null, "review_id" integer not null, "author_id" integer not null, "reply_text" text not null, "created_at" datetime, "updated_at" datetime, foreign key("author_id") references "users"("id") on delete cascade);
CREATE TABLE IF NOT EXISTS "orders" ("id" integer primary key autoincrement not null, "title" varchar not null, "work_direction" varchar not null, "work_type" varchar not null, "description" text, "city" varchar not null, "address" varchar not null, "planned_start_date" date not null, "max_amount" numeric not null, "author_id" integer not null, "status" integer not null, "created_at" datetime, "updated_at" datetime, "executor_id" integer, "full_address" varchar, "latitude" numeric, "longitude" numeric, "housing_type" varchar, "housing_condition" varchar, "housing_preparation_level" varchar, "bathroom_type" varchar, "ceiling_height" varchar, "total_area" varchar, "date_type" varchar not null default ('single'), "work_date" date, "work_time" varchar, "start_date" date, "start_time" varchar, "end_date" date, "end_time" varchar, "mediator_id" integer, "mediator_commission" numeric, "escrow_status" varchar, "payment_held" numeric, "executor_contact_name" varchar, "executor_contact_phone" varchar, "executor_cost" numeric, "mediator_margin" numeric, "project_deadline" date, "mediator_notes" text, "mediator_step" integer, foreign key("mediator_id") references users("id") on delete set null on update no action, foreign key("author_id") references users("id") on delete cascade on update no action, foreign key("executor_id") references users("id") on delete set null on update cascade);
INSERT INTO orders VALUES(1,'Test','repair_and_construction','turnkey_renovation','Asdpofasopkdf fopadsofopsak dfpoaks fopkasd opfkopasdk fopkasd opfkopas dkfopkas d','Moscow','AOsdjasd','2025-08-20 00:00:00',55555,2,1,'2025-08-20 17:01:48','2025-08-20 19:47:02',NULL,'aoidsjfoasdf',25.20479999999999877,55.27080000000000126,'apartment','new','without_walls','separate','5','5','single','2025-08-20 00:00:00','morning',NULL,NULL,NULL,NULL,NULL,NULL,NULL,NULL,NULL,NULL,NULL,NULL,NULL,NULL,NULL);
INSERT INTO orders VALUES(2,'Test 1','repair_and_construction','turnkey_renovation','IFjoidsfjosdifjoi sodif jsdojf oisjd foisjdf','Iioaiods','OIAsjdoiajd','2025-08-20 00:00:00',5555,2,4,'2025-08-20 19:47:53','2025-08-20 19:50:23',4,'aoisjdoijsaoid',25.20479999999999877,55.27080000000000126,'apartment','new','without_walls','separate','5','5','single','2025-08-20 00:00:00','morning',NULL,NULL,NULL,NULL,NULL,NULL,NULL,NULL,NULL,NULL,NULL,NULL,NULL,NULL,NULL);
INSERT INTO orders VALUES(3,'Test 2','repair_and_construction','turnkey_renovation','AOISfjoaifs soiaf foijasf','Aosifjioafs','AOIsjfoa oasjf oaifjs','2025-08-20 00:00:00',5555,2,0,'2025-08-20 20:29:04','2025-08-20 20:29:04',NULL,'Aoifsioajf asjf oajs foi',25.20479999999999877,55.27080000000000126,'apartment','new','without_walls','separate','5551234567','5551234567','single','2025-08-20 00:00:00','morning',NULL,NULL,NULL,NULL,NULL,NULL,NULL,NULL,NULL,NULL,NULL,NULL,NULL,NULL,NULL);
INSERT INTO orders VALUES(4,'Test 3','repair_and_construction','turnkey_renovation','NJsdakdn knasd nkasn d','Jndk','Asd nas','2025-08-21 00:00:00',55555,2,0,'2025-08-20 22:17:34','2025-08-20 22:17:34',NULL,'K asnd',25.20479999999999877,55.27080000000000126,'house','new','rough_finish','separate','5','5','single','2025-08-21 00:00:00','morning',NULL,NULL,NULL,NULL,NULL,NULL,NULL,NULL,NULL,NULL,NULL,NULL,NULL,NULL,NULL);
CREATE TABLE IF NOT EXISTS "users" ("id" integer primary key autoincrement not null, "name" varchar not null, "email" varchar not null, "email_verified_at" datetime, "password" varchar, "remember_token" varchar, "created_at" datetime, "updated_at" datetime, "permissions" text, "status" integer not null default ('0'), "avatar" varchar, "stripe_id" varchar, "pm_type" varchar, "pm_last_four" varchar, "trial_ends_at" datetime, "phone" varchar, "telegram" varchar, "whatsApp" varchar, "facebook" varchar, "type" integer, "viber" varchar, "about_me" text, "birth_date" date, "work_experience" integer, "license_file_path" varchar, "verification_status" integer not null default ('3'), "verification_comment" text, "verified_at" datetime, "average_rating" numeric, "reviews_count" integer not null default ('0'), "instagram_url" varchar, "wallet_balance" integer not null default ('0'), "wallet_currency" varchar not null default ('aed'), "customer_orders_count" integer not null default ('0'), "customer_rating" numeric not null default ('0'), "customer_reviews_count" integer not null default ('0'), "executor_orders_count" integer not null default ('0'), "executor_rating" numeric not null default ('0'), "executor_reviews_count" integer not null default ('0'), "mediator_margin_percentage" numeric, "mediator_fixed_fee" numeric, "mediator_agreed_price" numeric, "mediator_notes" text, "current_tariff_id" integer, "subscription_started_at" datetime, "subscription_ends_at" datetime, "next_tariff_id" integer, "next_subscription_starts_at" datetime, "next_subscription_ends_at" datetime, "used_orders_count" integer not null default '0', "used_contacts_count" integer not null default '0', foreign key("current_tariff_id") references tariffs("id") on delete set null on update no action, foreign key("next_tariff_id") references "tariffs"("id") on delete set null);
INSERT INTO users VALUES(1,'Test Admin','admin@test.com',NULL,'$2y$12$avVZUHagBFjhVeSkSwa9MujJXaekuozFCB9hbWZ/OgCrkv8qv2U8S',NULL,'2025-08-20 12:49:58','2025-08-20 13:16:42','{"platform.systems.banners":true,"platform.systems.customers":true,"platform.systems.executors":true,"platform.systems.mediators":true,"platform.systems.orders":true,"platform.systems.subscriptions":true,"platform.systems.wallets":true,"platform.systems.payments":true,"platform.systems.complaints":true,"platform.systems.licenses":true,"platform.systems.analytics":true,"platform.systems.notifications":true,"platform.systems.reports":true,"platform.systems.work-directions":true,"platform.systems.work-types":true,"platform.users.manage":true,"platform.systems.attachment":true,"platform.index":true}',0,NULL,NULL,NULL,NULL,NULL,NULL,NULL,NULL,NULL,99,NULL,NULL,NULL,NULL,NULL,3,NULL,NULL,NULL,0,NULL,0,'aed',0,0,0,0,0,0,NULL,NULL,NULL,NULL,NULL,NULL,NULL,NULL,NULL,NULL,0,0);
INSERT INTO users VALUES(2,'Тестовый Заказчик','customer@test.com','2025-08-20 13:17:47','$2y$12$cssLYYVBz5S8e5T1b4UrAOCTdx5JXrtz1jaCkWxmCE6sXqQoJkXiS',NULL,'2025-08-20 13:17:47','2025-08-20 13:17:47',NULL,1,NULL,NULL,NULL,NULL,NULL,'+7-900-123-45-67',NULL,NULL,NULL,1,NULL,NULL,NULL,NULL,NULL,3,NULL,NULL,NULL,0,NULL,0,'aed',0,0,0,0,0,0,NULL,NULL,NULL,NULL,1,NULL,NULL,NULL,NULL,NULL,0,0);
INSERT INTO users VALUES(3,'Тестовый Исполнитель','executor@test.com',NULL,'$2y$12$X4y6fN9UIEIu.amgT4w2bu.XvBIQHqfpTnEci222CELObi1cRaJJ.',NULL,'2025-08-20 13:17:47','2025-08-20 20:56:31',NULL,1,NULL,NULL,NULL,NULL,NULL,'+797169692396',NULL,NULL,NULL,0,NULL,NULL,NULL,NULL,'licenses/license_3_1755723379.jpg',1,'License approved by administrator','2025-08-20 20:56:31',NULL,0,NULL,0,'aed',0,0,0,0,0,0,NULL,NULL,NULL,NULL,2,'2025-08-20 20:55:46','2025-09-19 20:55:46',NULL,NULL,NULL,0,0);
INSERT INTO users VALUES(4,'Anton','antony12125@gmail.com',NULL,'$2y$12$Fh.iewugWT6pzaJ2Rhd4D.QmHUW3ZmsU1jmr8hRgbWmNj3JS.pNN2',NULL,'2025-08-20 15:30:29','2025-08-20 19:50:23',NULL,0,NULL,'cus_Su496NMljjKVxC',NULL,NULL,NULL,'+971566096969',NULL,NULL,NULL,0,NULL,NULL,NULL,NULL,'licenses/license_4_1755703830.pdf',1,'License approved by administrator','2025-08-20 15:30:48',NULL,0,NULL,0,'aed',0,0,0,0,0,0,NULL,NULL,NULL,NULL,2,'2025-08-20 18:02:59','2025-09-19 18:02:59',1,'2025-09-19 18:02:59',NULL,1,0);
INSERT INTO users VALUES(5,'Тестовый посредник','mediator@test.com',NULL,'$2y$12$7bOlG2XNja1v.o61ODDOy.pppTadkrrdtCN1qIMoLyuFDDyKwQzgW',NULL,'2025-08-20 22:26:21','2025-08-20 22:26:52',NULL,2,NULL,NULL,NULL,NULL,NULL,NULL,NULL,NULL,NULL,2,NULL,NULL,NULL,NULL,NULL,3,NULL,NULL,NULL,0,NULL,0,'aed',0,0,0,0,0,0,NULL,NULL,NULL,NULL,1,NULL,NULL,NULL,NULL,NULL,0,0);
INSERT INTO users VALUES(7,'Test mediator','mediator@test.com',NULL,'$2y$12$0xHknu41skCWQXpQlW3DqOYTyZrXL9PiWu7HvwIctTpc1fqPoMPGm',NULL,'2025-08-20 22:36:11','2025-08-20 22:36:11',NULL,0,NULL,NULL,NULL,NULL,NULL,NULL,NULL,NULL,NULL,2,NULL,NULL,NULL,NULL,NULL,3,NULL,NULL,NULL,0,NULL,0,'aed',0,0,0,0,0,0,NULL,NULL,NULL,NULL,1,NULL,NULL,NULL,NULL,NULL,0,0);
CREATE TABLE IF NOT EXISTS "housing_options" ("id" integer primary key autoincrement not null, "type" varchar not null, "key" varchar not null, "label_en" varchar not null, "label_ar" varchar not null, "sort_order" integer not null default '0', "is_active" tinyint(1) not null default '1', "created_at" datetime, "updated_at" datetime);
INSERT INTO housing_options VALUES(1,'housing_type','apartment','Apartment','شقة',1,1,'2025-08-20 21:51:26','2025-08-20 21:51:26');
INSERT INTO housing_options VALUES(2,'housing_type','house','House / villa','منزل / فيلا',2,1,'2025-08-20 21:51:26','2025-08-20 21:51:26');
INSERT INTO housing_options VALUES(3,'housing_type','commercial','Commercial property','عقار تجاري',3,1,'2025-08-20 21:51:26','2025-08-20 21:51:26');
INSERT INTO housing_options VALUES(4,'housing_condition','new','New housing','مسكن جديد',1,1,'2025-08-20 21:51:26','2025-08-20 21:51:26');
INSERT INTO housing_options VALUES(5,'housing_condition','secondary','Secondary housing','مسكن مستعمل',2,1,'2025-08-20 21:51:26','2025-08-20 21:51:26');
INSERT INTO housing_options VALUES(6,'housing_preparation_level','without_walls','Without walls','بدون جدران',1,1,'2025-08-20 21:51:26','2025-08-20 21:51:26');
INSERT INTO housing_options VALUES(7,'housing_preparation_level','rough_finish','Rough finish','تشطيب خشن',2,1,'2025-08-20 21:51:26','2025-08-20 21:51:26');
INSERT INTO housing_options VALUES(9,'bathroom_type','separate','Separate','منفصل',1,1,'2025-08-20 21:51:26','2025-08-20 21:51:26');
INSERT INTO housing_options VALUES(10,'bathroom_type','combined','Combined','مدمج',2,1,'2025-08-20 21:51:26','2025-08-20 21:51:26');
DELETE FROM sqlite_sequence;
INSERT INTO sqlite_sequence VALUES('migrations',79);
INSERT INTO sqlite_sequence VALUES('banners',0);
INSERT INTO sqlite_sequence VALUES('executor_portfolios',0);
INSERT INTO sqlite_sequence VALUES('executor_reviews',0);
INSERT INTO sqlite_sequence VALUES('work_directions',4);
INSERT INTO sqlite_sequence VALUES('work_types',32);
INSERT INTO sqlite_sequence VALUES('tariffs',2);
INSERT INTO sqlite_sequence VALUES('verifications',1);
INSERT INTO sqlite_sequence VALUES('user_works',7);
INSERT INTO sqlite_sequence VALUES('personal_access_tokens',29);
INSERT INTO sqlite_sequence VALUES('admin_notifications',8);
INSERT INTO sqlite_sequence VALUES('jobs',56);
INSERT INTO sqlite_sequence VALUES('design_image_generations',13);
INSERT INTO sqlite_sequence VALUES('orders',4);
INSERT INTO sqlite_sequence VALUES('files',8);
INSERT INTO sqlite_sequence VALUES('order_attachments',8);
INSERT INTO sqlite_sequence VALUES('user_notifications',21);
INSERT INTO sqlite_sequence VALUES('wallet_transactions',5);
INSERT INTO sqlite_sequence VALUES('users',7);
INSERT INTO sqlite_sequence VALUES('order_responses',4);
INSERT INTO sqlite_sequence VALUES('housing_options',10);
INSERT INTO sqlite_sequence VALUES('roles',1);
CREATE INDEX "sessions_user_id_index" on "sessions" ("user_id");
CREATE INDEX "sessions_last_activity_index" on "sessions" ("last_activity");
CREATE INDEX "jobs_queue_index" on "jobs" ("queue");
CREATE UNIQUE INDEX "failed_jobs_uuid_unique" on "failed_jobs" ("uuid");
CREATE UNIQUE INDEX "roles_slug_unique" on "roles" ("slug");
CREATE INDEX "attachmentable_attachmentable_type_attachmentable_id_index" on "attachmentable" ("attachmentable_type", "attachmentable_id");
CREATE INDEX "notifications_notifiable_type_notifiable_id_index" on "notifications" ("notifiable_type", "notifiable_id");
CREATE INDEX "personal_access_tokens_tokenable_type_tokenable_id_index" on "personal_access_tokens" ("tokenable_type", "tokenable_id");
CREATE UNIQUE INDEX "personal_access_tokens_token_unique" on "personal_access_tokens" ("token");
CREATE UNIQUE INDEX "verifications_email_unique" on "verifications" ("email");
CREATE INDEX "subscriptions_user_id_stripe_status_index" on "subscriptions" ("user_id", "stripe_status");
CREATE UNIQUE INDEX "subscriptions_stripe_id_unique" on "subscriptions" ("stripe_id");
CREATE INDEX "subscription_items_subscription_id_stripe_price_index" on "subscription_items" ("subscription_id", "stripe_price");
CREATE UNIQUE INDEX "subscription_items_stripe_id_unique" on "subscription_items" ("stripe_id");
CREATE UNIQUE INDEX "executor_portfolio_files_portfolio_id_file_id_unique" on "executor_portfolio_files" ("portfolio_id", "file_id");
CREATE INDEX "wallet_transactions_user_id_created_at_index" on "wallet_transactions" ("user_id", "created_at");
CREATE INDEX "complaints_complainant_id_reported_user_id_index" on "complaints" ("complainant_id", "reported_user_id");
CREATE INDEX "complaints_status_index" on "complaints" ("status");
CREATE INDEX "complaints_created_at_index" on "complaints" ("created_at");
CREATE UNIQUE INDEX "unique_executor_order_review" on "customer_reviews" ("order_id", "executor_id");
CREATE INDEX "customer_reviews_customer_id_index" on "customer_reviews" ("customer_id");
CREATE INDEX "customer_reviews_executor_id_index" on "customer_reviews" ("executor_id");
CREATE INDEX "customer_reviews_rating_index" on "customer_reviews" ("rating");
CREATE INDEX "admin_notifications_admin_id_read_at_index" on "admin_notifications" ("admin_id", "read_at");
CREATE INDEX "admin_notifications_type_created_at_index" on "admin_notifications" ("type", "created_at");
CREATE INDEX "mediator_transactions_mediator_id_index" on "mediator_transactions" ("mediator_id");
CREATE INDEX "mediator_transactions_order_id_index" on "mediator_transactions" ("order_id");
CREATE INDEX "mediator_transactions_status_index" on "mediator_transactions" ("status");
CREATE INDEX "mediator_transactions_type_index" on "mediator_transactions" ("type");
CREATE INDEX "mediator_transactions_created_at_index" on "mediator_transactions" ("created_at");
CREATE INDEX "work_directions_is_active_sort_order_index" on "work_directions" ("is_active", "sort_order");
CREATE UNIQUE INDEX "work_directions_key_unique" on "work_directions" ("key");
CREATE INDEX "work_types_work_direction_id_is_active_sort_order_index" on "work_types" ("work_direction_id", "is_active", "sort_order");
CREATE INDEX "work_types_is_active_sort_order_index" on "work_types" ("is_active", "sort_order");
CREATE UNIQUE INDEX "work_types_key_unique" on "work_types" ("key");
CREATE INDEX "executor_reviews_executor_id_created_at_index" on "executor_reviews" ("executor_id", "created_at");
CREATE INDEX "executor_reviews_order_id_index" on "executor_reviews" ("order_id");
CREATE UNIQUE INDEX "unique_executor_order_author_review" on "executor_reviews" ("order_id", "author_id");
CREATE INDEX "mediator_order_steps_order_id_mediator_id_index" on "mediator_order_steps" ("order_id", "mediator_id");
CREATE INDEX "mediator_order_steps_mediator_id_status_index" on "mediator_order_steps" ("mediator_id", "status");
CREATE UNIQUE INDEX "mediator_order_steps_order_id_step_unique" on "mediator_order_steps" ("order_id", "step");
CREATE UNIQUE INDEX "design_image_generations_generation_id_unique" on "design_image_generations" ("generation_id");
CREATE INDEX "design_image_generations_user_id_index" on "design_image_generations" ("user_id");
CREATE INDEX "design_image_generations_status_index" on "design_image_generations" ("status");
CREATE INDEX "review_replies_review_type_review_id_index" on "review_replies" ("review_type", "review_id");
CREATE INDEX "review_replies_author_id_index" on "review_replies" ("author_id");
CREATE INDEX "orders_mediator_id_index" on "orders" ("mediator_id");
CREATE INDEX "users_customer_orders_count_index" on "users" ("customer_orders_count");
CREATE INDEX "users_customer_rating_index" on "users" ("customer_rating");
CREATE INDEX "users_stripe_id_index" on "users" ("stripe_id");
CREATE UNIQUE INDEX "housing_options_type_key_unique" on "housing_options" ("type", "key");
CREATE INDEX "users_email_status_index" on "users" ("email", "status");
CREATE INDEX "users_phone_status_index" on "users" ("phone", "status");
COMMIT;
